b0,b1,b2,b3,b4,b5,Equation
358.456,-658.92,197.08,-525.28,1102,-426.16,197.1*x^2 - 658.9*x - 525.3*x^3 + 1102.0*x^4 - 426.2*x^5 + 358.5
642.6866831,-2963.198569,7205.887177,-11799.73445,11106.09651,-4250.120192,7206.0*x^2 - 2963.0*x - 11800.0*x^3 + 11110.0*x^4 - 4250.0*x^5 + 642.7
875.6141433,-4305.37913,9328.078115,-11468.36177,7878.772273,-2308.78897,9328.0*x^2 - 4305.0*x - 11470.0*x^3 + 7879.0*x^4 - 2309.0*x^5 + 875.6
1059.160914,-5166.869091,9973.522159,-9145.767241,3474.648525,-147.9792613,9974.0*x^2 - 5167.0*x - 9146.0*x^3 + 3475.0*x^4 - 148.0*x^5 + 1059.0
729.6373549,-2927.803974,4724.946769,-4408.341261,2864.716859,-1001.434195,4725.0*x^2 - 2928.0*x - 4408.0*x^3 + 2865.0*x^4 - 1001.0*x^5 + 729.6
803.9846354,-3737.676901,7801.742786,-9839.829551,7444.489034,-2498.519786,7802.0*x^2 - 3738.0*x - 9840.0*x^3 + 7444.0*x^4 - 2499.0*x^5 + 804.0
822.9001948,-3950.133181,8676.185901,-11561.68355,9092.139074,-3115.074957,8676.0*x^2 - 3950.0*x - 11560.0*x^3 + 9092.0*x^4 - 3115.0*x^5 + 822.9
696.1727103,-1800.462725,-2049.907593,11954.40163,-14853.80334,6167.711863,11950.0*x^3 - 2050.0*x^2 - 1800.0*x - 14850.0*x^4 + 6168.0*x^5 + 696.2
699.1462992,-2845.764451,5052.734449,-5888.867109,4778.89005,-1828.927658,5053.0*x^2 - 2846.0*x - 5889.0*x^3 + 4779.0*x^4 - 1829.0*x^5 + 699.1
839.0742722,-4304.138475,10874.17538,-17317.0576,15856.69682,-6060.167201,10870.0*x^2 - 4304.0*x - 17320.0*x^3 + 15860.0*x^4 - 6060.0*x^5 + 839.1
861.6535221,-4035.046067,8105.200199,-9203.082472,6020.126317,-1754.54432,8105.0*x^2 - 4035.0*x - 9203.0*x^3 + 6020.0*x^4 - 1755.0*x^5 + 861.7
861.5503968,-4443.975931,11123.50864,-17326.98173,15517.792,-5834.693744,11120.0*x^2 - 4444.0*x - 17330.0*x^3 + 15520.0*x^4 - 5835.0*x^5 + 861.6
693.7856714,-3320.128299,8248.010486,-13555.1607,12802.45825,-4948.559747,8248.0*x^2 - 3320.0*x - 13560.0*x^3 + 12800.0*x^4 - 4949.0*x^5 + 693.8
668.0950865,-1657.251135,-2332.676371,12328.92835,-15264.21631,6384.773598,12330.0*x^3 - 2333.0*x^2 - 1657.0*x - 15260.0*x^4 + 6385.0*x^5 + 668.1
543.5616391,-1476.074316,211.9897942,2982.078845,-3600.575982,1373.120407,212.0*x^2 - 1476.0*x + 2982.0*x^3 - 3601.0*x^4 + 1373.0*x^5 + 543.6
548.3433693,-1636.044257,1378.116868,-296.7861798,378.9973725,-381.7199611,1378.0*x^2 - 1636.0*x - 296.8*x^3 + 379.0*x^4 - 381.7*x^5 + 548.3
703.7403726,-3255.234709,7582.003351,-11826.0719,10958.43563,-4232.64257,7582.0*x^2 - 3255.0*x - 11830.0*x^3 + 10960.0*x^4 - 4233.0*x^5 + 703.7
845.5439371,-4056.510659,8957.58089,-12260.17616,10114.60717,-3662.290171,8958.0*x^2 - 4057.0*x - 12260.0*x^3 + 10110.0*x^4 - 3662.0*x^5 + 845.5
759.7319956,-2752.090372,2309.953027,3099.724391,-6471.146751,3138.310368,2310.0*x^2 - 2752.0*x + 3100.0*x^3 - 6471.0*x^4 + 3138.0*x^5 + 759.7
566.0830541,-1539.469297,553.8572951,1295.74365,-663.6991903,-248.3784486,553.9*x^2 - 1539.0*x + 1296.0*x^3 - 663.7*x^4 - 248.4*x^5 + 566.1
555.6570565,-1599.91266,732.846823,1871.983051,-2433.173403,896.0578337,732.8*x^2 - 1600.0*x + 1872.0*x^3 - 2433.0*x^4 + 896.1*x^5 + 555.7
828.8095236,-3944.642317,8366.308269,-10418.00748,7537.860027,-2384.201762,8366.0*x^2 - 3945.0*x - 10420.0*x^3 + 7538.0*x^4 - 2384.0*x^5 + 828.8
808.7671536,-3982.394884,9417.480104,-13993.81511,12173.96754,-4495.042446,9417.0*x^2 - 3982.0*x - 13990.0*x^3 + 12170.0*x^4 - 4495.0*x^5 + 808.8
686.3429544,-2966.741052,6193.001841,-8883.555515,8047.514543,-3129.109516,6193.0*x^2 - 2967.0*x - 8884.0*x^3 + 8048.0*x^4 - 3129.0*x^5 + 686.3
889.515721,-4595.212402,11259.19414,-16850.4394,14503.59771,-5291.636921,11260.0*x^2 - 4595.0*x - 16850.0*x^3 + 14500.0*x^4 - 5292.0*x^5 + 889.5
753.0129514,-3294.805427,6345.253142,-7493.363179,5562.325013,-1892.983852,6345.0*x^2 - 3295.0*x - 7493.0*x^3 + 5562.0*x^4 - 1893.0*x^5 + 753.0
662.6808634,-2079.933101,816.7833034,4086.563369,-5954.428668,2520.019219,816.8*x^2 - 2080.0*x + 4087.0*x^3 - 5954.0*x^4 + 2520.0*x^5 + 662.7
855.7078187,-4173.892799,9134.606674,-11718.31886,8656.86546,-2774.421765,9135.0*x^2 - 4174.0*x - 11720.0*x^3 + 8657.0*x^4 - 2774.0*x^5 + 855.7
844.4816129,-3903.726832,7556.91496,-7856.835512,4369.11401,-990.1448764,7557.0*x^2 - 3904.0*x - 7857.0*x^3 + 4369.0*x^4 - 990.1*x^5 + 844.5
875.1057656,-4323.930503,9634.695723,-12635.3558,9553.931258,-3132.995279,9635.0*x^2 - 4324.0*x - 12640.0*x^3 + 9554.0*x^4 - 3133.0*x^5 + 875.1
784.6517137,-3601.401108,7409.491304,-9224.516462,6908.629405,-2297.444376,7409.0*x^2 - 3601.0*x - 9225.0*x^3 + 6909.0*x^4 - 2297.0*x^5 + 784.7
610.1326292,-2097.583873,2345.577456,-568.8749102,-671.6160078,407.0560577,2346.0*x^2 - 2098.0*x - 568.9*x^3 - 671.6*x^4 + 407.1*x^5 + 610.1
560.3536895,-1769.269311,2015.774982,-1815.077165,2105.434769,-1125.135422,2016.0*x^2 - 1769.0*x - 1815.0*x^3 + 2105.0*x^4 - 1125.0*x^5 + 560.4
782.8196128,-3880.860319,9458.715742,-14621.25535,13082.99834,-4900.606275,9459.0*x^2 - 3881.0*x - 14620.0*x^3 + 13080.0*x^4 - 4901.0*x^5 + 782.8
861.46861,-4309.920799,9959.717674,-13816.57799,11063.40861,-3802.441976,9960.0*x^2 - 4310.0*x - 13820.0*x^3 + 11060.0*x^4 - 3802.0*x^5 + 861.5
777.1398019,-2808.201825,2200.544177,3729.219517,-7313.413029,3505.356638,2201.0*x^2 - 2808.0*x + 3729.0*x^3 - 7313.0*x^4 + 3505.0*x^5 + 777.1
689.3514591,-2994.08847,6122.527072,-8257.878086,6959.48168,-2550.338432,6123.0*x^2 - 2994.0*x - 8258.0*x^3 + 6959.0*x^4 - 2550.0*x^5 + 689.4
720.3415352,-2958.775562,4798.870684,-3858.51554,1427.704982,-102.0194893,4799.0*x^2 - 2959.0*x - 3859.0*x^3 + 1428.0*x^4 - 102.0*x^5 + 720.3
895.6392721,-4614.964455,11087.48411,-15982.2287,13182.36238,-4630.425177,11090.0*x^2 - 4615.0*x - 15980.0*x^3 + 13180.0*x^4 - 4630.0*x^5 + 895.6
760.3434896,-3302.166285,6080.808684,-6435.416064,4094.840924,-1198.453916,6081.0*x^2 - 3302.0*x - 6435.0*x^3 + 4095.0*x^4 - 1198.0*x^5 + 760.3
773.3147653,-2507.900877,91.67945574,9337.277524,-13839.06604,6300.510682,91.68*x^2 - 2508.0*x + 9337.0*x^3 - 13840.0*x^4 + 6301.0*x^5 + 773.3
680.4694739,-2722.709385,4504.965556,-4342.282771,2692.473553,-809.0504327,4505.0*x^2 - 2723.0*x - 4342.0*x^3 + 2692.0*x^4 - 809.1*x^5 + 680.5
747.1038869,-3532.960384,8049.84596,-11691.39917,10038.75684,-3660.363632,8050.0*x^2 - 3533.0*x - 11690.0*x^3 + 10040.0*x^4 - 3660.0*x^5 + 747.1
863.004446,-4266.27968,9736.041698,-13493.38208,10960.11592,-3853.302255,9736.0*x^2 - 4266.0*x - 13490.0*x^3 + 10960.0*x^4 - 3853.0*x^5 + 863.0
697.9412581,-2375.73143,1612.900996,3314.541981,-5905.853284,2726.391849,1613.0*x^2 - 2376.0*x + 3315.0*x^3 - 5906.0*x^4 + 2726.0*x^5 + 697.9
853.9170014,-3916.382911,7609.946457,-8338.254111,5354.745306,-1573.246746,7610.0*x^2 - 3916.0*x - 8338.0*x^3 + 5355.0*x^4 - 1573.0*x^5 + 853.9
559.6109672,-1752.450756,1972.243796,-1835.391612,2245.18887,-1222.10942,1972.0*x^2 - 1752.0*x - 1835.0*x^3 + 2245.0*x^4 - 1222.0*x^5 + 559.6
761.787198,-3598.216361,8139.710353,-11760.87826,10130.38774,-3727.645065,8140.0*x^2 - 3598.0*x - 11760.0*x^3 + 10130.0*x^4 - 3728.0*x^5 + 761.8
861.1155296,-4247.836215,9793.02998,-13975.42429,11805.89273,-4308.999222,9793.0*x^2 - 4248.0*x - 13980.0*x^3 + 11810.0*x^4 - 4309.0*x^5 + 861.1
677.1939369,-2913.051607,6055.141027,-8646.17602,7784.886895,-3005.361852,6055.0*x^2 - 2913.0*x - 8646.0*x^3 + 7785.0*x^4 - 3005.0*x^5 + 677.2
747.1843145,-2662.713449,2028.946933,3610.289489,-6985.281713,3352.511085,2029.0*x^2 - 2663.0*x + 3610.0*x^3 - 6985.0*x^4 + 3353.0*x^5 + 747.2
635.3984856,-1674.780825,-832.2968742,6871.75292,-7986.038794,3021.272868,6872.0*x^3 - 832.3*x^2 - 1675.0*x - 7986.0*x^4 + 3021.0*x^5 + 635.4
633.0041566,-2338.2265,3544.030432,-3586.043108,2916.890665,-1189.483561,3544.0*x^2 - 2338.0*x - 3586.0*x^3 + 2917.0*x^4 - 1189.0*x^5 + 633.0
890.4143624,-4652.823465,11425.34656,-16784.49046,13963.46723,-4904.758156,11430.0*x^2 - 4653.0*x - 16780.0*x^3 + 13960.0*x^4 - 4905.0*x^5 + 890.4
968.9167738,-4857.611955,10546.3503,-12799.63024,8690.555126,-2560.053738,10550.0*x^2 - 4858.0*x - 12800.0*x^3 + 8691.0*x^4 - 2560.0*x^5 + 968.9
727.2747652,-3411.15713,7889.039701,-11929.0205,10696.34118,-4034.574203,7889.0*x^2 - 3411.0*x - 11930.0*x^3 + 10700.0*x^4 - 4035.0*x^5 + 727.3
527.168193,-1443.251725,563.6821067,1560.841905,-1728.553977,535.9310184,563.7*x^2 - 1443.0*x + 1561.0*x^3 - 1729.0*x^4 + 535.9*x^5 + 527.2
794.6641109,-3606.655989,7305.782832,-9092.054738,7004.111475,-2439.754557,7306.0*x^2 - 3607.0*x - 9092.0*x^3 + 7004.0*x^4 - 2440.0*x^5 + 794.7
942.244997,-5002.569879,12415.84397,-18366.79938,15400.31432,-5468.205861,12420.0*x^2 - 5003.0*x - 18370.0*x^3 + 15400.0*x^4 - 5468.0*x^5 + 942.2
624.2520083,-2414.951612,4096.22013,-4631.061066,3627.306175,-1308.458395,4096.0*x^2 - 2415.0*x - 4631.0*x^3 + 3627.0*x^4 - 1308.0*x^5 + 624.3
806.1805717,-3674.059036,7301.272278,-8526.671428,5966.826922,-1887.168518,7301.0*x^2 - 3674.0*x - 8527.0*x^3 + 5967.0*x^4 - 1887.0*x^5 + 806.2
765.5567783,-3648.893793,8461.538146,-12683.02465,11300.92124,-4267.185982,8462.0*x^2 - 3649.0*x - 12680.0*x^3 + 11300.0*x^4 - 4267.0*x^5 + 765.6
581.1669387,-1558.533627,-18.65842966,3633.752439,-3920.439972,1290.222822,3634.0*x^3 - 18.66*x^2 - 1559.0*x - 3920.0*x^4 + 1290.0*x^5 + 581.2
915.3791063,-4574.565866,10269.77803,-13549.25889,10346.10272,-3447.297392,10270.0*x^2 - 4575.0*x - 13550.0*x^3 + 10350.0*x^4 - 3447.0*x^5 + 915.4
659.3137604,-2518.969026,3887.919588,-3609.081692,2435.115889,-861.2824099,3888.0*x^2 - 2519.0*x - 3609.0*x^3 + 2435.0*x^4 - 861.3*x^5 + 659.3
636.0987554,-2076.955384,1682.20478,1097.800106,-2188.803601,864.7594202,1682.0*x^2 - 2077.0*x + 1098.0*x^3 - 2189.0*x^4 + 864.8*x^5 + 636.1
777.9744707,-2994.945792,3254.842769,1555.436519,-5384.9168,2886.055929,3255.0*x^2 - 2995.0*x + 1555.0*x^3 - 5385.0*x^4 + 2886.0*x^5 + 778.0
704.1590491,-3189.859273,7073.275747,-10427.96379,9307.892934,-3520.393747,7073.0*x^2 - 3190.0*x - 10430.0*x^3 + 9308.0*x^4 - 3520.0*x^5 + 704.2
668.4197944,-2231.071427,1440.353713,3206.356478,-5598.554889,2585.307515,1440.0*x^2 - 2231.0*x + 3206.0*x^3 - 5599.0*x^4 + 2585.0*x^5 + 668.4
628.0946753,-2491.476029,4502.383834,-5555.190197,4594.389938,-1691.906771,4502.0*x^2 - 2491.0*x - 5555.0*x^3 + 4594.0*x^4 - 1692.0*x^5 + 628.1
863.7499194,-4124.298937,8493.518327,-9763.030695,6249.228553,-1712.051821,8494.0*x^2 - 4124.0*x - 9763.0*x^3 + 6249.0*x^4 - 1712.0*x^5 + 863.7
704.9014183,-2127.585027,-273.8804347,8172.372223,-11278.79665,4911.940959,8172.0*x^3 - 273.9*x^2 - 2128.0*x - 11280.0*x^4 + 4912.0*x^5 + 704.9
790.6155318,-3707.94111,7970.24449,-10519.36165,8292.778635,-2858.335578,7970.0*x^2 - 3708.0*x - 10520.0*x^3 + 8293.0*x^4 - 2858.0*x^5 + 790.6
655.5623194,-2689.486041,5135.27888,-6747.148011,5842.370707,-2226.769127,5135.0*x^2 - 2689.0*x - 6747.0*x^3 + 5842.0*x^4 - 2227.0*x^5 + 655.6
841.7932286,-4156.944467,9747.673128,-14322.00194,12421.11677,-4611.243074,9748.0*x^2 - 4157.0*x - 14320.0*x^3 + 12420.0*x^4 - 4611.0*x^5 + 841.8
883.3132158,-4557.004103,11203.06834,-16904.42375,14685.30813,-5399.406178,11200.0*x^2 - 4557.0*x - 16900.0*x^3 + 14690.0*x^4 - 5399.0*x^5 + 883.3
804.2602064,-3333.33941,4953.942845,-2486.500539,-853.3963142,962.0683267,4954.0*x^2 - 3333.0*x - 2487.0*x^3 - 853.4*x^4 + 962.1*x^5 + 804.3
663.5163766,-1987.001282,-122.3228698,7101.377213,-9904.319831,4354.362409,7101.0*x^3 - 122.3*x^2 - 1987.0*x - 9904.0*x^4 + 4354.0*x^5 + 663.5
871.6948445,-4009.353868,7469.107846,-6982.4235,3066.53504,-381.0628163,7469.0*x^2 - 4009.0*x - 6982.0*x^3 + 3067.0*x^4 - 381.1*x^5 + 871.7
531.9514646,-1414.81549,672.7545397,373.6602393,521.6440175,-721.4459831,672.8*x^2 - 1415.0*x + 373.7*x^3 + 521.6*x^4 - 721.4*x^5 + 532.0
588.4324762,-1423.210151,-1358.872481,7592.129936,-8747.340884,3406.280858,7592.0*x^3 - 1359.0*x^2 - 1423.0*x - 8747.0*x^4 + 3406.0*x^5 + 588.4
658.3381376,-2378.176602,2928.367,-1169.503315,-283.9985326,260.2216537,2928.0*x^2 - 2378.0*x - 1170.0*x^3 - 284.0*x^4 + 260.2*x^5 + 658.3
901.6821085,-4383.53764,9375.176586,-11629.64249,8397.365855,-2687.452013,9375.0*x^2 - 4384.0*x - 11630.0*x^3 + 8397.0*x^4 - 2687.0*x^5 + 901.7
731.9195896,-3401.133763,7641.355422,-11106.96305,9649.99402,-3565.349463,7641.0*x^2 - 3401.0*x - 11110.0*x^3 + 9650.0*x^4 - 3565.0*x^5 + 731.9
707.7468828,-2991.316243,5855.227744,-7850.317902,6983.632214,-2759.467642,5855.0*x^2 - 2991.0*x - 7850.0*x^3 + 6984.0*x^4 - 2759.0*x^5 + 707.7
819.3005749,-3500.410611,5626.582955,-3771.802883,334.6465812,533.3454075,5627.0*x^2 - 3500.0*x - 3772.0*x^3 + 334.6*x^4 + 533.3*x^5 + 819.3
559.1477174,-1592.211214,1014.506472,246.9026133,285.4698241,-545.3918395,1015.0*x^2 - 1592.0*x + 246.9*x^3 + 285.5*x^4 - 545.4*x^5 + 559.1
527.2295177,-1485.182935,1127.182341,-465.9748638,1077.621711,-805.11194,1127.0*x^2 - 1485.0*x - 466.0*x^3 + 1078.0*x^4 - 805.1*x^5 + 527.2
738.5034507,-2808.867105,3566.960586,-1107.348155,-1048.901346,678.9132506,3567.0*x^2 - 2809.0*x - 1107.0*x^3 - 1049.0*x^4 + 678.9*x^5 + 738.5
706.5748642,-2106.009454,-449.8949804,8603.851812,-11722.20858,5078.023648,8604.0*x^3 - 449.9*x^2 - 2106.0*x - 11720.0*x^4 + 5078.0*x^5 + 706.6
824.4577302,-4160.38972,10088.63694,-15135.68384,13079.13967,-4766.4054,10090.0*x^2 - 4160.0*x - 15140.0*x^3 + 13080.0*x^4 - 4766.0*x^5 + 824.5
666.9846137,-2172.685131,1196.622334,3524.946138,-5675.508538,2520.981257,1197.0*x^2 - 2173.0*x + 3525.0*x^3 - 5676.0*x^4 + 2521.0*x^5 + 667.0
594.4952462,-2021.884687,2710.859682,-2772.602524,2806.689945,-1350.928233,2711.0*x^2 - 2022.0*x - 2773.0*x^3 + 2807.0*x^4 - 1351.0*x^5 + 594.5
706.0096941,-2248.893129,622.2851054,5718.289837,-8367.138961,3647.785795,622.3*x^2 - 2249.0*x + 5718.0*x^3 - 8367.0*x^4 + 3648.0*x^5 + 706.0
879.8403536,-4092.641678,7922.022277,-8221.988791,4629.0032,-1104.781046,7922.0*x^2 - 4093.0*x - 8222.0*x^3 + 4629.0*x^4 - 1105.0*x^5 + 879.8
712.7852281,-2985.791899,5712.262208,-7479.158474,6623.612612,-2639.103611,5712.0*x^2 - 2986.0*x - 7479.0*x^3 + 6624.0*x^4 - 2639.0*x^5 + 712.8
619.9096271,-2219.842599,3238.703935,-3374.155477,3068.595757,-1363.453634,3239.0*x^2 - 2220.0*x - 3374.0*x^3 + 3069.0*x^4 - 1363.0*x^5 + 619.9
879.4525234,-4588.61225,11531.23314,-17818.45333,15738.86101,-5840.644565,11530.0*x^2 - 4589.0*x - 17820.0*x^3 + 15740.0*x^4 - 5841.0*x^5 + 879.5
656.7038253,-1918.974203,-125.7796647,6355.049606,-8416.513264,3520.178139,6355.0*x^3 - 125.8*x^2 - 1919.0*x - 8417.0*x^4 + 3520.0*x^5 + 656.7
740.0610293,-2453.051286,1027.289796,5448.497062,-8413.0902,3730.3088,1027.0*x^2 - 2453.0*x + 5448.0*x^3 - 8413.0*x^4 + 3730.0*x^5 + 740.1
666.0623786,-2581.617887,4203.043308,-4445.734234,3478.119458,-1341.658445,4203.0*x^2 - 2582.0*x - 4446.0*x^3 + 3478.0*x^4 - 1342.0*x^5 + 666.1
723.1799752,-3210.11601,6511.531402,-8277.084447,6440.225678,-2206.140385,6512.0*x^2 - 3210.0*x - 8277.0*x^3 + 6440.0*x^4 - 2206.0*x^5 + 723.2
772.0428764,-3890.793004,10088.15411,-17004.40395,16368.29717,-6458.350827,10090.0*x^2 - 3891.0*x - 17000.0*x^3 + 16370.0*x^4 - 6458.0*x^5 + 772.0
842.4474484,-3660.094701,5898.257979,-3598.732789,-440.6771979,1021.999189,5898.0*x^2 - 3660.0*x - 3599.0*x^3 - 440.7*x^4 + 1022.0*x^5 + 842.4
782.8662041,-3195.72679,4574.948224,-1866.612777,-1454.295072,1214.672854,4575.0*x^2 - 3196.0*x - 1867.0*x^3 - 1454.0*x^4 + 1215.0*x^5 + 782.9
647.4631993,-1889.498554,11.02255136,5653.89901,-7402.775522,3036.887514,11.02*x^2 - 1889.0*x + 5654.0*x^3 - 7403.0*x^4 + 3037.0*x^5 + 647.5
911.2602089,-4517.581437,9796.982541,-11976.31036,8179.044272,-2397.191358,9797.0*x^2 - 4518.0*x - 11980.0*x^3 + 8179.0*x^4 - 2397.0*x^5 + 911.3
472.5538996,-1120.447463,365.5444519,62.00816598,1144.441037,-949.6009437,365.5*x^2 - 1120.0*x + 62.01*x^3 + 1144.0*x^4 - 949.6*x^5 + 472.6
737.1743466,-3719.990804,9808.608041,-16761.1787,16145.23978,-6323.616189,9809.0*x^2 - 3720.0*x - 16760.0*x^3 + 16150.0*x^4 - 6324.0*x^5 + 737.2
723.6142272,-2204.223467,-366.9301216,8986.314248,-12531.9104,5519.19532,8986.0*x^3 - 366.9*x^2 - 2204.0*x - 12530.0*x^4 + 5519.0*x^5 + 723.6
889.0117797,-4472.653298,10301.28615,-14131.87098,11187.72274,-3819.133237,10300.0*x^2 - 4473.0*x - 14130.0*x^3 + 11190.0*x^4 - 3819.0*x^5 + 889.0
591.3876172,-1549.149016,-576.3230331,5685.790966,-6684.132517,2575.370275,5686.0*x^3 - 576.3*x^2 - 1549.0*x - 6684.0*x^4 + 2575.0*x^5 + 591.4
894.8971084,-3862.698565,5785.065993,-2196.265568,-2497.923421,1958.721765,5785.0*x^2 - 3863.0*x - 2196.0*x^3 - 2498.0*x^4 + 1959.0*x^5 + 894.9
882.5740093,-4589.155796,11481.10331,-17707.54385,15666.85504,-5834.381664,11480.0*x^2 - 4589.0*x - 17710.0*x^3 + 15670.0*x^4 - 5834.0*x^5 + 882.6
522.0071978,-1485.119671,1033.225729,224.2772618,-184.0472801,-105.9151013,1033.0*x^2 - 1485.0*x + 224.3*x^3 - 184.0*x^4 - 105.9*x^5 + 522.0
758.1081145,-3705.75581,9194.831295,-14980.08133,14190.22482,-5562.136977,9195.0*x^2 - 3706.0*x - 14980.0*x^3 + 14190.0*x^4 - 5562.0*x^5 + 758.1
688.7306166,-2143.791322,234.8547277,6710.447902,-9680.567624,4293.614042,234.9*x^2 - 2144.0*x + 6710.0*x^3 - 9681.0*x^4 + 4294.0*x^5 + 688.7
861.5653589,-4173.684542,8974.415197,-11209.89651,8057.533858,-2524.95337,8974.0*x^2 - 4174.0*x - 11210.0*x^3 + 8058.0*x^4 - 2525.0*x^5 + 861.6
593.5310522,-1741.256619,967.5864345,1210.30439,-1170.784642,120.6010352,967.6*x^2 - 1741.0*x + 1210.0*x^3 - 1171.0*x^4 + 120.6*x^5 + 593.5
702.8719922,-3078.508183,6496.983597,-9344.123392,8453.217668,-3288.162396,6497.0*x^2 - 3079.0*x - 9344.0*x^3 + 8453.0*x^4 - 3288.0*x^5 + 702.9
544.4842243,-1514.254104,903.5606567,241.6643037,384.5613104,-589.8046127,903.6*x^2 - 1514.0*x + 241.7*x^3 + 384.6*x^4 - 589.8*x^5 + 544.5
473.0596462,-1415.386005,1767.342481,-2000.270936,1973.689509,-781.6401761,1767.0*x^2 - 1415.0*x - 2000.0*x^3 + 1974.0*x^4 - 781.6*x^5 + 473.1
671.9412231,-2496.433327,3114.426787,-828.4826901,-1290.441235,870.6878426,3114.0*x^2 - 2496.0*x - 828.5*x^3 - 1290.0*x^4 + 870.7*x^5 + 671.9
580.9331653,-1402.87446,-1253.122053,7110.355806,-8097.2366,3112.809887,7110.0*x^3 - 1253.0*x^2 - 1403.0*x - 8097.0*x^4 + 3113.0*x^5 + 580.9
656.3106465,-1932.014888,-19.1387719,6065.653801,-8082.318371,3379.233672,6066.0*x^3 - 19.14*x^2 - 1932.0*x - 8082.0*x^4 + 3379.0*x^5 + 656.3
754.3964826,-3648.780402,8621.948349,-12956.35081,11349.45534,-4179.656693,8622.0*x^2 - 3649.0*x - 12960.0*x^3 + 11350.0*x^4 - 4180.0*x^5 + 754.4
719.1886435,-3653.454575,9786.23765,-16881.55711,16243.92833,-6322.560125,9786.0*x^2 - 3653.0*x - 16880.0*x^3 + 16240.0*x^4 - 6323.0*x^5 + 719.2
769.9547866,-3024.028882,3781.476015,-166.3471635,-3185.638847,1892.725751,3781.0*x^2 - 3024.0*x - 166.3*x^3 - 3186.0*x^4 + 1893.0*x^5 + 770.0
740.0925918,-3386.171775,7339.170174,-10257.44345,8719.564677,-3200.694076,7339.0*x^2 - 3386.0*x - 10260.0*x^3 + 8720.0*x^4 - 3201.0*x^5 + 740.1
825.3569745,-3642.590373,6264.254881,-4877.369889,1129.982984,350.4773041,6264.0*x^2 - 3643.0*x - 4877.0*x^3 + 1130.0*x^4 + 350.5*x^5 + 825.4
643.4888587,-1739.449251,-654.9230752,6669.255281,-7908.449368,3027.591434,6669.0*x^3 - 654.9*x^2 - 1739.0*x - 7908.0*x^4 + 3028.0*x^5 + 643.5
749.0374706,-3444.996303,7676.661855,-11359.54624,10285.30439,-3980.220407,7677.0*x^2 - 3445.0*x - 11360.0*x^3 + 10290.0*x^4 - 3980.0*x^5 + 749.0
703.3635846,-3150.975551,6749.459821,-9448.119853,8059.057827,-2949.564837,6749.0*x^2 - 3151.0*x - 9448.0*x^3 + 8059.0*x^4 - 2950.0*x^5 + 703.4
922.6265879,-4870.110462,12091.27917,-18013.55864,15246.07759,-5457.074634,12090.0*x^2 - 4870.0*x - 18010.0*x^3 + 15250.0*x^4 - 5457.0*x^5 + 922.6
639.5047553,-2249.66192,2744.31825,-1440.756972,508.6687779,-204.5387182,2744.0*x^2 - 2250.0*x - 1441.0*x^3 + 508.7*x^4 - 204.5*x^5 + 639.5
623.2405696,-1753.721129,-353.9387345,6375.577005,-8290.725619,3475.526255,6376.0*x^3 - 353.9*x^2 - 1754.0*x - 8291.0*x^4 + 3476.0*x^5 + 623.2
814.1129564,-4068.336243,9693.091039,-14212.86506,12013.23642,-4295.810911,9693.0*x^2 - 4068.0*x - 14210.0*x^3 + 12010.0*x^4 - 4296.0*x^5 + 814.1
709.8213162,-3376.12067,8170.41416,-13036.84506,12104.39076,-4646.200331,8170.0*x^2 - 3376.0*x - 13040.0*x^3 + 12100.0*x^4 - 4646.0*x^5 + 709.8
630.5065522,-2200.505534,2734.278687,-1750.179564,1067.876578,-493.4785693,2734.0*x^2 - 2201.0*x - 1750.0*x^3 + 1068.0*x^4 - 493.5*x^5 + 630.5
709.5688448,-2042.662801,-985.9726085,10051.74275,-13378.39145,5769.7722,10050.0*x^3 - 986.0*x^2 - 2043.0*x - 13380.0*x^4 + 5770.0*x^5 + 709.6
750.7975244,-2546.23956,1232.282946,5448.955552,-8802.427208,4011.568436,1232.0*x^2 - 2546.0*x + 5449.0*x^3 - 8802.0*x^4 + 4012.0*x^5 + 750.8
615.7027055,-2038.79635,1721.483668,1242.220652,-2828.897085,1333.231574,1721.0*x^2 - 2039.0*x + 1242.0*x^3 - 2829.0*x^4 + 1333.0*x^5 + 615.7
941.418485,-4461.378919,8567.3126,-8262.717924,3803.786212,-556.4279268,8567.0*x^2 - 4461.0*x - 8263.0*x^3 + 3804.0*x^4 - 556.4*x^5 + 941.4
702.5117544,-3077.960161,6198.855893,-7910.94372,6207.59558,-2136.253031,6199.0*x^2 - 3078.0*x - 7911.0*x^3 + 6208.0*x^4 - 2136.0*x^5 + 702.5
716.3812946,-2584.817013,2460.040569,1695.285936,-4413.237971,2190.114962,2460.0*x^2 - 2585.0*x + 1695.0*x^3 - 4413.0*x^4 + 2190.0*x^5 + 716.4
728.4282089,-2421.950065,806.7019166,6550.604934,-10309.44609,4771.941974,806.7*x^2 - 2422.0*x + 6551.0*x^3 - 10310.0*x^4 + 4772.0*x^5 + 728.4
559.8762971,-1357.287958,-555.681654,4027.974274,-3669.46747,981.8961225,4028.0*x^3 - 555.7*x^2 - 1357.0*x - 3669.0*x^4 + 981.9*x^5 + 559.9
682.750338,-3160.773966,7445.362062,-11695.19274,10777.50441,-4110.261979,7445.0*x^2 - 3161.0*x - 11700.0*x^3 + 10780.0*x^4 - 4110.0*x^5 + 682.8
679.7033878,-1820.191862,-1579.656732,10749.68487,-13705.47857,5795.287165,10750.0*x^3 - 1580.0*x^2 - 1820.0*x - 13710.0*x^4 + 5795.0*x^5 + 679.7
750.545757,-2659.635143,1969.831666,3694.500313,-6974.308669,3304.529797,1970.0*x^2 - 2660.0*x + 3695.0*x^3 - 6974.0*x^4 + 3305.0*x^5 + 750.5
678.5147891,-2235.51629,1307.682927,3455.908845,-5670.925705,2524.32886,1308.0*x^2 - 2236.0*x + 3456.0*x^3 - 5671.0*x^4 + 2524.0*x^5 + 678.5
687.3983434,-2083.614895,162.547366,6167.297186,-8377.601568,3509.679574,162.5*x^2 - 2084.0*x + 6167.0*x^3 - 8378.0*x^4 + 3510.0*x^5 + 687.4
870.3244198,-4089.680343,8135.644836,-8874.824603,5355.188057,-1387.946531,8136.0*x^2 - 4090.0*x - 8875.0*x^3 + 5355.0*x^4 - 1388.0*x^5 + 870.3
562.4516209,-1933.396571,2660.549945,-2431.233008,1832.082664,-684.1255354,2661.0*x^2 - 1933.0*x - 2431.0*x^3 + 1832.0*x^4 - 684.1*x^5 + 562.5
622.5011558,-2318.146095,3734.714539,-4329.440615,3863.111777,-1600.473442,3735.0*x^2 - 2318.0*x - 4329.0*x^3 + 3863.0*x^4 - 1600.0*x^5 + 622.5
698.3121136,-3283.61852,7947.960079,-12890.27811,12207.1059,-4760.146703,7948.0*x^2 - 3284.0*x - 12890.0*x^3 + 12210.0*x^4 - 4760.0*x^5 + 698.3
727.3222561,-2975.30545,4721.156027,-3539.842026,1036.073117,60.5547701,4721.0*x^2 - 2975.0*x - 3540.0*x^3 + 1036.0*x^4 + 60.55*x^5 + 727.3
725.4123102,-3345.182078,7375.170517,-10411.93221,8784.565835,-3165.752275,7375.0*x^2 - 3345.0*x - 10410.0*x^3 + 8785.0*x^4 - 3166.0*x^5 + 725.4
488.1209307,-1243.008716,749.2003868,-591.5017239,1756.437072,-1191.394686,749.2*x^2 - 1243.0*x - 591.5*x^3 + 1756.0*x^4 - 1191.0*x^5 + 488.1
657.7235998,-2983.172636,6934.684029,-10879.48495,10038.92961,-3821.02842,6935.0*x^2 - 2983.0*x - 10880.0*x^3 + 10040.0*x^4 - 3821.0*x^5 + 657.7
846.1737599,-3779.4221,6648.999604,-5508.73535,1732.01918,103.0710067,6649.0*x^2 - 3779.0*x - 5509.0*x^3 + 1732.0*x^4 + 103.1*x^5 + 846.2
778.8805629,-3657.771482,7982.782199,-10840.65354,8797.144873,-3098.266359,7983.0*x^2 - 3658.0*x - 10840.0*x^3 + 8797.0*x^4 - 3098.0*x^5 + 778.9
698.9593383,-2492.227837,2558.084565,554.2587494,-2478.115132,1187.728123,2558.0*x^2 - 2492.0*x + 554.3*x^3 - 2478.0*x^4 + 1188.0*x^5 + 699.0
712.7811798,-2966.339807,5204.738849,-5348.168188,3440.149413,-1042.622665,5205.0*x^2 - 2966.0*x - 5348.0*x^3 + 3440.0*x^4 - 1043.0*x^5 + 712.8
613.1377739,-2592.393365,5571.622495,-8403.774242,7702.426178,-2923.479096,5572.0*x^2 - 2592.0*x - 8404.0*x^3 + 7702.0*x^4 - 2923.0*x^5 + 613.1
689.8531659,-3060.771652,6784.533515,-10407.9607,9802.371021,-3878.187557,6785.0*x^2 - 3061.0*x - 10410.0*x^3 + 9802.0*x^4 - 3878.0*x^5 + 689.9
903.4161491,-4593.931002,10620.42141,-14403.07146,11124.88281,-3687.359319,10620.0*x^2 - 4594.0*x - 14400.0*x^3 + 11120.0*x^4 - 3687.0*x^5 + 903.4
863.0968206,-4116.686516,8767.972533,-11182.30868,8531.98578,-2903.281921,8768.0*x^2 - 4117.0*x - 11180.0*x^3 + 8532.0*x^4 - 2903.0*x^5 + 863.1
797.1825358,-3696.363208,7986.380069,-11073.98475,9485.93346,-3564.984041,7986.0*x^2 - 3696.0*x - 11070.0*x^3 + 9486.0*x^4 - 3565.0*x^5 + 797.2
742.4211937,-3324.289184,6940.201206,-9413.870365,7972.19502,-2963.629726,6940.0*x^2 - 3324.0*x - 9414.0*x^3 + 7972.0*x^4 - 2964.0*x^5 + 742.4
736.5977617,-3393.070708,7361.617226,-10101.74664,8302.104375,-2937.770294,7362.0*x^2 - 3393.0*x - 10100.0*x^3 + 8302.0*x^4 - 2938.0*x^5 + 736.6
805.508813,-4116.109713,10344.42312,-16214.77421,14483.29494,-5386.159355,10340.0*x^2 - 4116.0*x - 16210.0*x^3 + 14480.0*x^4 - 5386.0*x^5 + 805.5
604.0460648,-1573.512155,-890.8431315,6995.628132,-8479.409292,3409.094903,6996.0*x^3 - 890.8*x^2 - 1574.0*x - 8479.0*x^4 + 3409.0*x^5 + 604.0
821.6551666,-3774.270154,7592.880775,-9049.753957,6514.764902,-2127.378665,7593.0*x^2 - 3774.0*x - 9050.0*x^3 + 6515.0*x^4 - 2127.0*x^5 + 821.7
719.9758294,-3078.461602,5903.333064,-7270.876496,5803.87779,-2107.304333,5903.0*x^2 - 3078.0*x - 7271.0*x^3 + 5804.0*x^4 - 2107.0*x^5 + 720.0
888.4899697,-4237.399137,8788.416868,-10512.03298,7367.875473,-2317.196523,8788.0*x^2 - 4237.0*x - 10510.0*x^3 + 7368.0*x^4 - 2317.0*x^5 + 888.5
701.6249016,-3018.594033,6023.706429,-7955.612772,6716.723941,-2504.067314,6024.0*x^2 - 3019.0*x - 7956.0*x^3 + 6717.0*x^4 - 2504.0*x^5 + 701.6
711.7963778,-2336.055215,915.1117483,5422.168922,-8411.414248,3789.898226,915.1*x^2 - 2336.0*x + 5422.0*x^3 - 8411.0*x^4 + 3790.0*x^5 + 711.8
665.5813647,-1845.079092,-872.0544337,8375.572014,-10672.37639,4433.565151,8376.0*x^3 - 872.1*x^2 - 1845.0*x - 10670.0*x^4 + 4434.0*x^5 + 665.6
827.9128317,-4126.630012,9837.371957,-14609.24591,12639.98579,-4642.425064,9837.0*x^2 - 4127.0*x - 14610.0*x^3 + 12640.0*x^4 - 4642.0*x^5 + 827.9
852.7683294,-3873.488135,7073.807773,-6370.890678,2554.598363,-198.3384316,7074.0*x^2 - 3873.0*x - 6371.0*x^3 + 2555.0*x^4 - 198.3*x^5 + 852.8
608.4849793,-1559.497504,-1270.577629,8394.038767,-10398.28234,4317.991328,8394.0*x^3 - 1271.0*x^2 - 1559.0*x - 10400.0*x^4 + 4318.0*x^5 + 608.5
804.208229,-3328.391001,4874.3035,-2177.39067,-1303.048161,1185.231944,4874.0*x^2 - 3328.0*x - 2177.0*x^3 - 1303.0*x^4 + 1185.0*x^5 + 804.2
752.668404,-3526.47199,7956.949651,-11595.33913,10129.64355,-3775.957973,7957.0*x^2 - 3526.0*x - 11600.0*x^3 + 10130.0*x^4 - 3776.0*x^5 + 752.7
681.7246355,-2569.868166,3698.20687,-2921.339524,1739.052281,-639.7559875,3698.0*x^2 - 2570.0*x - 2921.0*x^3 + 1739.0*x^4 - 639.8*x^5 + 681.7
748.9389757,-2967.951429,4146.670248,-1864.286825,-787.1465756,759.847025,4147.0*x^2 - 2968.0*x - 1864.0*x^3 - 787.1*x^4 + 759.8*x^5 + 748.9
886.6453168,-4381.408289,9712.962314,-12622.57501,9463.798902,-3088.070415,9713.0*x^2 - 4381.0*x - 12620.0*x^3 + 9464.0*x^4 - 3088.0*x^5 + 886.6
864.3586816,-4216.53951,9469.302507,-13051.12997,10713.77515,-3841.542648,9469.0*x^2 - 4217.0*x - 13050.0*x^3 + 10710.0*x^4 - 3842.0*x^5 + 864.4
576.8156873,-1491.347423,-368.6713176,4454.977313,-4814.527593,1657.874576,4455.0*x^3 - 368.7*x^2 - 1491.0*x - 4815.0*x^4 + 1658.0*x^5 + 576.8
694.8365244,-2171.912276,417.0360039,5998.784139,-8573.621272,3714.731232,417.0*x^2 - 2172.0*x + 5999.0*x^3 - 8574.0*x^4 + 3715.0*x^5 + 694.8
868.0929515,-4088.985929,8252.298224,-9350.237196,6035.36317,-1718.689272,8252.0*x^2 - 4089.0*x - 9350.0*x^3 + 6035.0*x^4 - 1719.0*x^5 + 868.1
736.3132146,-3461.341319,7955.547039,-11871.58705,10518.89117,-3937.308973,7956.0*x^2 - 3461.0*x - 11870.0*x^3 + 10520.0*x^4 - 3937.0*x^5 + 736.3
640.1489801,-1689.031164,-1218.55609,8739.132787,-10870.45036,4486.660653,8739.0*x^3 - 1219.0*x^2 - 1689.0*x - 10870.0*x^4 + 4487.0*x^5 + 640.1
704.2661984,-1973.611216,-1125.589386,9870.349059,-12708.37378,5334.544779,9870.0*x^3 - 1126.0*x^2 - 1974.0*x - 12710.0*x^4 + 5335.0*x^5 + 704.3
581.4484368,-2161.251464,3572.778217,-4114.781656,3321.253595,-1198.737565,3573.0*x^2 - 2161.0*x - 4115.0*x^3 + 3321.0*x^4 - 1199.0*x^5 + 581.4
602.0178126,-1990.725517,1838.115332,559.5443264,-1862.910064,888.497767,1838.0*x^2 - 1991.0*x + 559.5*x^3 - 1863.0*x^4 + 888.5*x^5 + 602.0
501.4251244,-1260.112093,529.0882811,82.86907032,1082.221483,-971.583859,529.1*x^2 - 1260.0*x + 82.87*x^3 + 1082.0*x^4 - 971.6*x^5 + 501.4
641.6253436,-1672.746361,-1533.366945,9929.815978,-12556.73571,5306.145646,9930.0*x^3 - 1533.0*x^2 - 1673.0*x - 12560.0*x^4 + 5306.0*x^5 + 641.6
586.2358485,-1765.034894,1359.553385,46.35675914,187.8831074,-444.6844421,1360.0*x^2 - 1765.0*x + 46.36*x^3 + 187.9*x^4 - 444.7*x^5 + 586.2
551.1623979,-1617.039481,922.9253552,1441.23843,-2062.939988,790.7286929,922.9*x^2 - 1617.0*x + 1441.0*x^3 - 2063.0*x^4 + 790.7*x^5 + 551.2
718.0324667,-2995.732594,5346.730769,-5806.164051,4104.281808,-1379.464813,5347.0*x^2 - 2996.0*x - 5806.0*x^3 + 4104.0*x^4 - 1379.0*x^5 + 718.0
818.2716376,-4138.773708,10453.50509,-16954.21905,15899.28426,-6199.555703,10450.0*x^2 - 4139.0*x - 16950.0*x^3 + 15900.0*x^4 - 6200.0*x^5 + 818.3
797.2846023,-3184.920181,3968.210513,243.958796,-4195.096052,2459.338957,3968.0*x^2 - 3185.0*x + 244.0*x^3 - 4195.0*x^4 + 2459.0*x^5 + 797.3
739.5291256,-3550.847729,8694.35803,-14160.82809,13498.56091,-5321.429751,8694.0*x^2 - 3551.0*x - 14160.0*x^3 + 13500.0*x^4 - 5321.0*x^5 + 739.5
781.7522966,-3751.164925,8720.033994,-13051.39272,11618.43387,-4393.362524,8720.0*x^2 - 3751.0*x - 13050.0*x^3 + 11620.0*x^4 - 4393.0*x^5 + 781.8
884.3649818,-4557.860927,11225.97672,-17048.86772,14942.77005,-5541.777516,11230.0*x^2 - 4558.0*x - 17050.0*x^3 + 14940.0*x^4 - 5542.0*x^5 + 884.4
630.3568633,-2736.645631,6076.710499,-9362.267093,8661.210844,-3311.643869,6077.0*x^2 - 2737.0*x - 9362.0*x^3 + 8661.0*x^4 - 3312.0*x^5 + 630.4
761.2195744,-3894.053981,10166.87353,-16849.5043,15733.66777,-6018.574534,10170.0*x^2 - 3894.0*x - 16850.0*x^3 + 15730.0*x^4 - 6019.0*x^5 + 761.2
554.3224594,-1365.789233,-734.82241,5276.497295,-5892.479412,2200.141922,5276.0*x^3 - 734.8*x^2 - 1366.0*x - 5892.0*x^4 + 2200.0*x^5 + 554.3
805.7113265,-3840.034982,8439.441117,-11381.3812,9104.839507,-3166.78611,8439.0*x^2 - 3840.0*x - 11380.0*x^3 + 9105.0*x^4 - 3167.0*x^5 + 805.7
708.1206976,-2801.08391,4333.528081,-3542.67788,1774.997473,-469.8885698,4334.0*x^2 - 2801.0*x - 3543.0*x^3 + 1775.0*x^4 - 469.9*x^5 + 708.1
711.3948905,-3575.293838,9438.710963,-16082.87577,15346.39651,-5936.341376,9439.0*x^2 - 3575.0*x - 16080.0*x^3 + 15350.0*x^4 - 5936.0*x^5 + 711.4
673.4740374,-2233.634361,1418.319784,3123.286362,-5311.13799,2389.026487,1418.0*x^2 - 2234.0*x + 3123.0*x^3 - 5311.0*x^4 + 2389.0*x^5 + 673.5
717.856235,-3214.431653,6731.089921,-9023.183874,7390.157,-2630.38401,6731.0*x^2 - 3214.0*x - 9023.0*x^3 + 7390.0*x^4 - 2630.0*x^5 + 717.9
777.9911266,-2818.529061,2177.932897,3964.31911,-7740.566587,3739.333799,2178.0*x^2 - 2819.0*x + 3964.0*x^3 - 7741.0*x^4 + 3739.0*x^5 + 778.0
695.1511257,-2818.349519,4896.29205,-5386.64438,4072.491717,-1479.156381,4896.0*x^2 - 2818.0*x - 5387.0*x^3 + 4072.0*x^4 - 1479.0*x^5 + 695.2
569.0594502,-2035.335105,3105.796381,-3273.724878,2569.356042,-930.343305,3106.0*x^2 - 2035.0*x - 3274.0*x^3 + 2569.0*x^4 - 930.3*x^5 + 569.1
950.9510049,-4865.191656,11198.4737,-15036.16394,11551.19574,-3843.39442,11200.0*x^2 - 4865.0*x - 15040.0*x^3 + 11550.0*x^4 - 3843.0*x^5 + 951.0
789.8398663,-3680.135517,7753.905818,-9879.531482,7483.840403,-2489.294828,7754.0*x^2 - 3680.0*x - 9880.0*x^3 + 7484.0*x^4 - 2489.0*x^5 + 789.8
522.3005919,-1645.691099,2108.078647,-2392.187444,2588.243332,-1191.907659,2108.0*x^2 - 1646.0*x - 2392.0*x^3 + 2588.0*x^4 - 1192.0*x^5 + 522.3
694.0825809,-3164.930348,7070.038289,-10348.50699,9036.611,-3328.682652,7070.0*x^2 - 3165.0*x - 10350.0*x^3 + 9037.0*x^4 - 3329.0*x^5 + 694.1
608.5729797,-1549.214688,-1226.395085,8016.103585,-9718.716249,3946.534913,8016.0*x^3 - 1226.0*x^2 - 1549.0*x - 9719.0*x^4 + 3947.0*x^5 + 608.6
589.0698428,-1570.575385,-209.2620077,4370.580448,-4884.196604,1721.620666,4371.0*x^3 - 209.3*x^2 - 1571.0*x - 4884.0*x^4 + 1722.0*x^5 + 589.1
718.9965203,-2520.517309,2047.330626,2550.799566,-5143.253511,2406.654561,2047.0*x^2 - 2521.0*x + 2551.0*x^3 - 5143.0*x^4 + 2407.0*x^5 + 719.0
852.24137,-4341.339516,10442.03031,-15237.74833,12734.58057,-4508.769484,10440.0*x^2 - 4341.0*x - 15240.0*x^3 + 12730.0*x^4 - 4509.0*x^5 + 852.2
745.4282422,-3235.818166,6351.852937,-8108.585395,6739.956552,-2538.93539,6352.0*x^2 - 3236.0*x - 8109.0*x^3 + 6740.0*x^4 - 2539.0*x^5 + 745.4
671.5509335,-2793.017375,5524.923267,-7722.902532,7100.499156,-2832.986322,5525.0*x^2 - 2793.0*x - 7723.0*x^3 + 7100.0*x^4 - 2833.0*x^5 + 671.6
653.1468299,-2388.245613,3298.278928,-2547.839368,1607.81881,-634.3302807,3298.0*x^2 - 2388.0*x - 2548.0*x^3 + 1608.0*x^4 - 634.3*x^5 + 653.1
789.7381327,-3384.046488,5671.122037,-4494.31015,1395.236045,55.24347679,5671.0*x^2 - 3384.0*x - 4494.0*x^3 + 1395.0*x^4 + 55.24*x^5 + 789.7
640.4738673,-2849.053651,6544.840788,-10313.57785,9610.737234,-3683.287105,6545.0*x^2 - 2849.0*x - 10310.0*x^3 + 9611.0*x^4 - 3683.0*x^5 + 640.5
829.9100591,-4025.055263,9255.873292,-13493.00294,11771.37192,-4419.677943,9256.0*x^2 - 4025.0*x - 13490.0*x^3 + 11770.0*x^4 - 4420.0*x^5 + 829.9
676.4863522,-2795.240379,5207.915293,-6396.313712,5184.963218,-1900.31686,5208.0*x^2 - 2795.0*x - 6396.0*x^3 + 5185.0*x^4 - 1900.0*x^5 + 676.5
691.6736903,-2641.294687,3885.680904,-3153.001471,1876.316253,-671.5144269,3886.0*x^2 - 2641.0*x - 3153.0*x^3 + 1876.0*x^4 - 671.5*x^5 + 691.7
603.0223933,-1900.916849,1624.954874,130.5602939,-436.797099,-32.29198833,1625.0*x^2 - 1901.0*x + 130.6*x^3 - 436.8*x^4 - 32.29*x^5 + 603.0
786.8317455,-3544.719202,6857.988849,-7556.624734,4817.12019,-1355.625358,6858.0*x^2 - 3545.0*x - 7557.0*x^3 + 4817.0*x^4 - 1356.0*x^5 + 786.8
687.1214597,-2523.674936,2868.146787,94.21730329,-2426.302878,1350.408298,2868.0*x^2 - 2524.0*x + 94.22*x^3 - 2426.0*x^4 + 1350.0*x^5 + 687.1
725.4451432,-2167.849085,-586.5822634,9386.541278,-12797.94331,5560.527618,9387.0*x^3 - 586.6*x^2 - 2168.0*x - 12800.0*x^4 + 5561.0*x^5 + 725.4
750.0996518,-3601.04303,8681.555836,-13792.16052,12887.52307,-5017.916807,8682.0*x^2 - 3601.0*x - 13790.0*x^3 + 12890.0*x^4 - 5018.0*x^5 + 750.1
843.9250514,-3567.39486,5325.694765,-2364.664679,-1579.74217,1404.831574,5326.0*x^2 - 3567.0*x - 2365.0*x^3 - 1580.0*x^4 + 1405.0*x^5 + 843.9
664.4529598,-1711.625834,-1881.127091,11179.00549,-14030.32659,5900.914791,11180.0*x^3 - 1881.0*x^2 - 1712.0*x - 14030.0*x^4 + 5901.0*x^5 + 664.5
709.3274911,-2774.074826,4024.83276,-2537.846096,458.4009927,140.0507969,4025.0*x^2 - 2774.0*x - 2538.0*x^3 + 458.4*x^4 + 140.1*x^5 + 709.3
582.6722269,-2076.057053,3030.390951,-2910.299942,2167.65712,-790.9221071,3030.0*x^2 - 2076.0*x - 2910.0*x^3 + 2168.0*x^4 - 790.9*x^5 + 582.7
714.6836948,-3111.477187,6530.404408,-9523.439486,8883.012884,-3566.951109,6530.0*x^2 - 3111.0*x - 9523.0*x^3 + 8883.0*x^4 - 3567.0*x^5 + 714.7
557.7664115,-1468.401118,-88.21979582,3636.185231,-4042.398316,1426.938405,3636.0*x^3 - 88.22*x^2 - 1468.0*x - 4042.0*x^4 + 1427.0*x^5 + 557.8
718.2146412,-3143.627405,6170.687878,-7457.425152,5516.131496,-1812.698945,6171.0*x^2 - 3144.0*x - 7457.0*x^3 + 5516.0*x^4 - 1813.0*x^5 + 718.2
562.642016,-1405.997466,-560.3213513,4687.808389,-4998.34149,1733.262463,4688.0*x^3 - 560.3*x^2 - 1406.0*x - 4998.0*x^4 + 1733.0*x^5 + 562.6
812.2371249,-4084.604985,10137.56983,-16012.51852,14646.04941,-5600.059523,10140.0*x^2 - 4085.0*x - 16010.0*x^3 + 14650.0*x^4 - 5600.0*x^5 + 812.2
672.8396753,-2856.318063,5929.94189,-8732.250419,8216.838716,-3292.21129,5930.0*x^2 - 2856.0*x - 8732.0*x^3 + 8217.0*x^4 - 3292.0*x^5 + 672.8
611.9782851,-2300.00802,3854.709546,-4702.486369,4214.507379,-1703.189944,3855.0*x^2 - 2300.0*x - 4702.0*x^3 + 4215.0*x^4 - 1703.0*x^5 + 612.0
763.9382064,-2849.27105,2650.101944,2805.420894,-6656.221458,3390.909258,2650.0*x^2 - 2849.0*x + 2805.0*x^3 - 6656.0*x^4 + 3391.0*x^5 + 763.9
934.3197361,-4525.925065,9274.995656,-10350.39082,6335.420851,-1663.362122,9275.0*x^2 - 4526.0*x - 10350.0*x^3 + 6335.0*x^4 - 1663.0*x^5 + 934.3
558.8569194,-1748.9268,1517.120977,308.4092838,-1079.721966,469.7194868,1517.0*x^2 - 1749.0*x + 308.4*x^3 - 1080.0*x^4 + 469.7*x^5 + 558.9
801.6600456,-3040.792142,3017.324762,2359.381292,-6200.568757,3152.503769,3017.0*x^2 - 3041.0*x + 2359.0*x^3 - 6201.0*x^4 + 3153.0*x^5 + 801.7
678.3961821,-1920.932286,-1079.57518,9993.083087,-13389.1143,5856.588122,9993.0*x^3 - 1080.0*x^2 - 1921.0*x - 13390.0*x^4 + 5857.0*x^5 + 678.4
818.66408,-3817.717903,8016.190831,-10273.16263,7987.177344,-2768.71557,8016.0*x^2 - 3818.0*x - 10270.0*x^3 + 7987.0*x^4 - 2769.0*x^5 + 818.7
915.0216504,-4428.67404,9112.76433,-10240.41577,6289.365992,-1639.013827,9113.0*x^2 - 4429.0*x - 10240.0*x^3 + 6289.0*x^4 - 1639.0*x^5 + 915.0
743.6142757,-2607.379241,1668.340306,4637.640966,-8278.277344,3944.602,1668.0*x^2 - 2607.0*x + 4638.0*x^3 - 8278.0*x^4 + 3945.0*x^5 + 743.6
572.3153506,-1575.604427,231.1689556,3116.066085,-3572.416176,1245.438442,231.2*x^2 - 1576.0*x + 3116.0*x^3 - 3572.0*x^4 + 1245.0*x^5 + 572.3
834.8427921,-3876.825169,7624.12967,-8174.197385,4756.393284,-1145.959618,7624.0*x^2 - 3877.0*x - 8174.0*x^3 + 4756.0*x^4 - 1146.0*x^5 + 834.8
702.644989,-3370.927743,8347.279359,-13640.36203,12840.24643,-4959.599206,8347.0*x^2 - 3371.0*x - 13640.0*x^3 + 12840.0*x^4 - 4960.0*x^5 + 702.6
569.3664478,-1340.679413,-1068.034848,5778.773605,-5923.552666,1996.200977,5779.0*x^3 - 1068.0*x^2 - 1341.0*x - 5924.0*x^4 + 1996.0*x^5 + 569.4
810.8969576,-3818.598417,8209.336692,-10841.86791,8607.120652,-3006.490231,8209.0*x^2 - 3819.0*x - 10840.0*x^3 + 8607.0*x^4 - 3006.0*x^5 + 810.9
856.095144,-3475.563112,4287.133313,658.2252705,-5183.068848,2954.574587,4287.0*x^2 - 3476.0*x + 658.2*x^3 - 5183.0*x^4 + 2955.0*x^5 + 856.1
733.2742593,-3066.825317,5293.608575,-5124.07279,2992.421406,-823.6691405,5294.0*x^2 - 3067.0*x - 5124.0*x^3 + 2992.0*x^4 - 823.7*x^5 + 733.3
627.4761116,-1888.606898,399.9755126,4684.063686,-6584.913733,2829.864921,400.0*x^2 - 1889.0*x + 4684.0*x^3 - 6585.0*x^4 + 2830.0*x^5 + 627.5
551.6893448,-1500.025559,642.8318392,924.6747509,-295.8380009,-354.1654188,642.8*x^2 - 1500.0*x + 924.7*x^3 - 295.8*x^4 - 354.2*x^5 + 551.7
597.825575,-1598.358113,-227.0316488,4488.565892,-4978.137712,1730.223233,4489.0*x^3 - 227.0*x^2 - 1598.0*x - 4978.0*x^4 + 1730.0*x^5 + 597.8
730.878248,-3486.095593,8442.854901,-13575.81404,12799.44815,-5001.542541,8443.0*x^2 - 3486.0*x - 13580.0*x^3 + 12800.0*x^4 - 5002.0*x^5 + 730.9
629.2439743,-2127.325167,2371.588114,-1101.683263,600.0727738,-388.787194,2372.0*x^2 - 2127.0*x - 1102.0*x^3 + 600.1*x^4 - 388.8*x^5 + 629.2
805.3270122,-3469.740235,5767.209965,-4306.88214,943.517112,301.4615074,5767.0*x^2 - 3470.0*x - 4307.0*x^3 + 943.5*x^4 + 301.5*x^5 + 805.3
751.744582,-3653.553845,8979.624978,-14476.62576,13598.19046,-5296.006974,8980.0*x^2 - 3654.0*x - 14480.0*x^3 + 13600.0*x^4 - 5296.0*x^5 + 751.7
687.2134216,-2882.052152,5709.450295,-7928.270268,7260.467213,-2903.144153,5709.0*x^2 - 2882.0*x - 7928.0*x^3 + 7260.0*x^4 - 2903.0*x^5 + 687.2
907.8950677,-4717.224203,11459.96425,-16716.63781,13933.10123,-4936.998355,11460.0*x^2 - 4717.0*x - 16720.0*x^3 + 13930.0*x^4 - 4937.0*x^5 + 907.9
684.4317916,-2858.295554,5295.428332,-6192.354431,4641.656188,-1580.412463,5295.0*x^2 - 2858.0*x - 6192.0*x^3 + 4642.0*x^4 - 1580.0*x^5 + 684.4
687.6828422,-2318.110483,1565.055104,3102.251466,-5464.101581,2489.547971,1565.0*x^2 - 2318.0*x + 3102.0*x^3 - 5464.0*x^4 + 2490.0*x^5 + 687.7
877.5810915,-4348.5278,9830.273194,-13303.56873,10494.96265,-3595.652473,9830.0*x^2 - 4349.0*x - 13300.0*x^3 + 10490.0*x^4 - 3596.0*x^5 + 877.6
662.8557982,-2406.653261,2909.831333,-840.2837267,-869.3042365,569.9892893,2910.0*x^2 - 2407.0*x - 840.3*x^3 - 869.3*x^4 + 570.0*x^5 + 662.9
748.8763809,-3763.99206,9782.170312,-16475.03719,15751.2538,-6154.726504,9782.0*x^2 - 3764.0*x - 16480.0*x^3 + 15750.0*x^4 - 6155.0*x^5 + 748.9
716.9343035,-1948.78821,-1807.473002,12194.95451,-15724.30135,6706.687117,12190.0*x^3 - 1807.0*x^2 - 1949.0*x - 15720.0*x^4 + 6707.0*x^5 + 716.9
649.0818741,-2013.533276,837.4222011,3562.134645,-5073.411809,2076.538331,837.4*x^2 - 2014.0*x + 3562.0*x^3 - 5073.0*x^4 + 2077.0*x^5 + 649.1
616.3703285,-2190.229376,3125.285685,-3132.019,2801.986314,-1248.337788,3125.0*x^2 - 2190.0*x - 3132.0*x^3 + 2802.0*x^4 - 1248.0*x^5 + 616.4
861.2340709,-4087.350796,8515.076153,-10339.16039,7374.016551,-2344.135046,8515.0*x^2 - 4087.0*x - 10340.0*x^3 + 7374.0*x^4 - 2344.0*x^5 + 861.2
741.2788278,-2577.796626,1780.66937,3731.851255,-6687.604777,3084.968816,1781.0*x^2 - 2578.0*x + 3732.0*x^3 - 6688.0*x^4 + 3085.0*x^5 + 741.3
890.6550414,-4480.832796,10296.8524,-14054.72042,11055.83907,-3751.072795,10300.0*x^2 - 4481.0*x - 14050.0*x^3 + 11060.0*x^4 - 3751.0*x^5 + 890.7
708.9411935,-3297.041642,7566.89947,-11339.88608,10050.78517,-3741.107043,7567.0*x^2 - 3297.0*x - 11340.0*x^3 + 10050.0*x^4 - 3741.0*x^5 + 708.9
815.4156874,-4214.335587,10759.63698,-17116.94066,15453.43277,-5791.118791,10760.0*x^2 - 4214.0*x - 17120.0*x^3 + 15450.0*x^4 - 5791.0*x^5 + 815.4
666.3625861,-2358.265858,2608.359297,-311.4684334,-1184.08082,596.6083843,2608.0*x^2 - 2358.0*x - 311.5*x^3 - 1184.0*x^4 + 596.6*x^5 + 666.4
735.9449601,-3424.19505,7750.843922,-11452.40676,10144.95081,-3814.606121,7751.0*x^2 - 3424.0*x - 11450.0*x^3 + 10140.0*x^4 - 3815.0*x^5 + 735.9
641.5788756,-1763.883015,-535.5974839,6569.333108,-8021.75572,3158.467047,6569.0*x^3 - 535.6*x^2 - 1764.0*x - 8022.0*x^4 + 3158.0*x^5 + 641.6
724.5741798,-3539.102058,8859.426367,-14464.27613,13553.903,-5221.216871,8859.0*x^2 - 3539.0*x - 14460.0*x^3 + 13550.0*x^4 - 5221.0*x^5 + 724.6
639.9998542,-2172.849799,1989.289731,950.3383832,-2593.863288,1225.245477,1989.0*x^2 - 2173.0*x + 950.3*x^3 - 2594.0*x^4 + 1225.0*x^5 + 640.0
677.6955455,-2386.423962,2531.793241,-17.29456568,-1472.451526,680.8796332,2532.0*x^2 - 2386.0*x - 17.29*x^3 - 1472.0*x^4 + 680.9*x^5 + 677.7
838.712493,-4067.394836,8928.675639,-11641.95976,8814.832698,-2897.446092,8929.0*x^2 - 4067.0*x - 11640.0*x^3 + 8815.0*x^4 - 2897.0*x^5 + 838.7
656.5642124,-1794.497464,-1302.087034,10059.01397,-13227.81927,5744.314031,10060.0*x^3 - 1302.0*x^2 - 1794.0*x - 13230.0*x^4 + 5744.0*x^5 + 656.6
644.0033063,-2494.260279,4241.555976,-4989.296231,4248.044687,-1676.108533,4242.0*x^2 - 2494.0*x - 4989.0*x^3 + 4248.0*x^4 - 1676.0*x^5 + 644.0
789.8593978,-3916.388207,9447.096759,-14324.96793,12575.74605,-4641.064843,9447.0*x^2 - 3916.0*x - 14320.0*x^3 + 12580.0*x^4 - 4641.0*x^5 + 789.9
674.4400012,-2344.81479,2490.501709,-325.1715044,-766.0472315,266.8739967,2491.0*x^2 - 2345.0*x - 325.2*x^3 - 766.0*x^4 + 266.9*x^5 + 674.4
844.9327862,-4240.225153,10029.30086,-14510.39716,12153.16439,-4337.06008,10030.0*x^2 - 4240.0*x - 14510.0*x^3 + 12150.0*x^4 - 4337.0*x^5 + 844.9
762.5442606,-3213.250223,5241.900728,-3892.530116,890.0822367,251.0959349,5242.0*x^2 - 3213.0*x - 3893.0*x^3 + 890.1*x^4 + 251.1*x^5 + 762.5
740.6574112,-3369.631167,7111.507893,-9449.148267,7605.285958,-2667.353929,7112.0*x^2 - 3370.0*x - 9449.0*x^3 + 7605.0*x^4 - 2667.0*x^5 + 740.7
689.9994229,-1927.106687,-1263.003053,10447.78784,-13745.47582,5928.923425,10450.0*x^3 - 1263.0*x^2 - 1927.0*x - 13750.0*x^4 + 5929.0*x^5 + 690.0
811.5293013,-3988.286165,9417.059185,-14022.96132,12267.27474,-4559.588399,9417.0*x^2 - 3988.0*x - 14020.0*x^3 + 12270.0*x^4 - 4560.0*x^5 + 811.5
631.7964133,-1754.154592,-680.7074342,7561.262463,-9850.172165,4186.304856,7561.0*x^3 - 680.7*x^2 - 1754.0*x - 9850.0*x^4 + 4186.0*x^5 + 631.8
666.6572376,-1815.489167,-929.4314762,8133.528323,-10007.56186,4015.944482,8134.0*x^3 - 929.4*x^2 - 1815.0*x - 10010.0*x^4 + 4016.0*x^5 + 666.7
723.9018553,-2679.126676,3075.429038,-123.2144734,-2054.87258,1087.021282,3075.0*x^2 - 2679.0*x - 123.2*x^3 - 2055.0*x^4 + 1087.0*x^5 + 723.9
734.1554612,-3056.524403,5251.234854,-5121.547161,3101.946541,-909.9129278,5251.0*x^2 - 3057.0*x - 5122.0*x^3 + 3102.0*x^4 - 909.9*x^5 + 734.2
669.6998441,-2368.30397,2333.958662,1010.88513,-3219.694358,1627.174335,2334.0*x^2 - 2368.0*x + 1011.0*x^3 - 3220.0*x^4 + 1627.0*x^5 + 669.7
819.3274402,-3484.266861,5387.922686,-2874.234757,-950.6905259,1165.479549,5388.0*x^2 - 3484.0*x - 2874.0*x^3 - 950.7*x^4 + 1165.0*x^5 + 819.3
705.6330129,-2430.470594,1882.53816,2529.975972,-4846.357807,2210.391591,1883.0*x^2 - 2430.0*x + 2530.0*x^3 - 4846.0*x^4 + 2210.0*x^5 + 705.6
840.8684915,-3734.48688,6468.803861,-5109.838387,1284.698558,297.689584,6469.0*x^2 - 3734.0*x - 5110.0*x^3 + 1285.0*x^4 + 297.7*x^5 + 840.9
634.0544814,-2330.112346,3264.363188,-2424.73859,1208.276628,-343.6130315,3264.0*x^2 - 2330.0*x - 2425.0*x^3 + 1208.0*x^4 - 343.6*x^5 + 634.1
769.8373644,-2945.516125,3115.736632,1812.624129,-5670.60233,3017.449573,3116.0*x^2 - 2946.0*x + 1813.0*x^3 - 5671.0*x^4 + 3017.0*x^5 + 769.8
647.9789226,-2691.501082,5320.69517,-7257.642863,6357.463055,-2407.079813,5321.0*x^2 - 2692.0*x - 7258.0*x^3 + 6357.0*x^4 - 2407.0*x^5 + 648.0
730.3472946,-3399.864302,7759.62094,-11622.37479,10411.53582,-3941.897946,7760.0*x^2 - 3400.0*x - 11620.0*x^3 + 10410.0*x^4 - 3942.0*x^5 + 730.3
714.9203694,-2546.520421,2041.825748,3172.140688,-6476.391089,3191.114487,2042.0*x^2 - 2547.0*x + 3172.0*x^3 - 6476.0*x^4 + 3191.0*x^5 + 714.9
713.694459,-3000.611937,5641.865227,-6950.400385,5707.276429,-2147.89915,5642.0*x^2 - 3001.0*x - 6950.0*x^3 + 5707.0*x^4 - 2148.0*x^5 + 713.7
699.2311277,-1946.392995,-1477.331055,11368.71577,-15030.41803,6534.603021,11370.0*x^3 - 1477.0*x^2 - 1946.0*x - 15030.0*x^4 + 6535.0*x^5 + 699.2
718.7885649,-3421.098653,8111.296737,-12459.41732,11157.80575,-4166.479872,8111.0*x^2 - 3421.0*x - 12460.0*x^3 + 11160.0*x^4 - 4166.0*x^5 + 718.8
648.0497362,-2607.756095,4928.348321,-6687.551991,6134.103982,-2457.621747,4928.0*x^2 - 2608.0*x - 6688.0*x^3 + 6134.0*x^4 - 2458.0*x^5 + 648.0
823.3458656,-3586.122705,6087.780452,-4827.225064,1441.944296,94.09214895,6088.0*x^2 - 3586.0*x - 4827.0*x^3 + 1442.0*x^4 + 94.09*x^5 + 823.3
653.249703,-2503.555131,3879.724552,-3535.554468,2231.184523,-723.9436853,3880.0*x^2 - 2504.0*x - 3536.0*x^3 + 2231.0*x^4 - 723.9*x^5 + 653.2
717.9320306,-3432.82878,8274.887781,-13020.7496,11911.29904,-4520.072995,8275.0*x^2 - 3433.0*x - 13020.0*x^3 + 11910.0*x^4 - 4520.0*x^5 + 717.9
768.8243609,-3215.140951,5176.796983,-3831.313323,995.7224943,135.419296,5177.0*x^2 - 3215.0*x - 3831.0*x^3 + 995.7*x^4 + 135.4*x^5 + 768.8
766.357429,-3356.796716,6498.405118,-7858.000246,6099.352269,-2183.839264,6498.0*x^2 - 3357.0*x - 7858.0*x^3 + 6099.0*x^4 - 2184.0*x^5 + 766.4
693.4672382,-3018.557365,6100.710966,-7958.75458,6441.393103,-2279.829117,6101.0*x^2 - 3019.0*x - 7959.0*x^3 + 6441.0*x^4 - 2280.0*x^5 + 693.5
883.018697,-3832.692296,5984.879743,-3107.297934,-1221.293538,1358.215137,5985.0*x^2 - 3833.0*x - 3107.0*x^3 - 1221.0*x^4 + 1358.0*x^5 + 883.0
804.6535448,-3127.666644,3405.21534,1726.619493,-5810.766636,3099.959815,3405.0*x^2 - 3128.0*x + 1727.0*x^3 - 5811.0*x^4 + 3100.0*x^5 + 804.7
719.7959039,-3537.545439,9088.603778,-15368.75137,14812.06942,-5818.43388,9089.0*x^2 - 3538.0*x - 15370.0*x^3 + 14810.0*x^4 - 5818.0*x^5 + 719.8
860.9207577,-3710.748382,5882.071021,-3550.704312,-286.6432394,852.2107794,5882.0*x^2 - 3711.0*x - 3551.0*x^3 - 286.6*x^4 + 852.2*x^5 + 860.9
947.423203,-4751.84888,10385.50857,-12734.25539,8710.236289,-2564.995111,10390.0*x^2 - 4752.0*x - 12730.0*x^3 + 8710.0*x^4 - 2565.0*x^5 + 947.4
552.5387546,-1531.458788,908.8292687,108.0540861,752.3669342,-834.4606814,908.8*x^2 - 1531.0*x + 108.1*x^3 + 752.4*x^4 - 834.5*x^5 + 552.5
644.3627852,-1745.54102,-774.7708705,7302.919348,-8924.601897,3555.103472,7303.0*x^3 - 774.8*x^2 - 1746.0*x - 8925.0*x^4 + 3555.0*x^5 + 644.4
743.4440683,-2995.541791,4625.408039,-3487.915188,1351.933866,-229.5225994,4625.0*x^2 - 2996.0*x - 3488.0*x^3 + 1352.0*x^4 - 229.5*x^5 + 743.4
681.6230783,-2204.390743,1205.705091,3313.903528,-5082.50954,2123.013929,1206.0*x^2 - 2204.0*x + 3314.0*x^3 - 5083.0*x^4 + 2123.0*x^5 + 681.6
899.569755,-3907.203668,5936.679599,-2433.831701,-2325.755916,1913.0621,5937.0*x^2 - 3907.0*x - 2434.0*x^3 - 2326.0*x^4 + 1913.0*x^5 + 899.6
816.2285835,-4177.881151,10411.04586,-16046.99846,14091.94167,-5170.705744,10410.0*x^2 - 4178.0*x - 16050.0*x^3 + 14090.0*x^4 - 5171.0*x^5 + 816.2
723.0869495,-2554.667888,1895.493373,3636.958312,-6989.283433,3386.745017,1895.0*x^2 - 2555.0*x + 3637.0*x^3 - 6989.0*x^4 + 3387.0*x^5 + 723.1
824.0183713,-4080.524737,9481.991857,-13447.00472,11048.79675,-3874.564537,9482.0*x^2 - 4081.0*x - 13450.0*x^3 + 11050.0*x^4 - 3875.0*x^5 + 824.0
787.6112416,-3980.902005,10145.85413,-16572.7365,15509.51903,-5998.709614,10150.0*x^2 - 3981.0*x - 16570.0*x^3 + 15510.0*x^4 - 5999.0*x^5 + 787.6
593.8256293,-1460.515052,-1233.865124,7331.783513,-8450.095777,3271.739156,7332.0*x^3 - 1234.0*x^2 - 1461.0*x - 8450.0*x^4 + 3272.0*x^5 + 593.8
760.4945604,-2382.543403,-300.0842981,9820.808084,-14018.80747,6267.277478,9821.0*x^3 - 300.1*x^2 - 2383.0*x - 14020.0*x^4 + 6267.0*x^5 + 760.5
680.430211,-2963.79961,6111.416173,-8274.57236,6918.384947,-2497.666812,6111.0*x^2 - 2964.0*x - 8275.0*x^3 + 6918.0*x^4 - 2498.0*x^5 + 680.4
640.3662344,-1695.417443,-1120.872547,8359.862763,-10318.58437,4213.049729,8360.0*x^3 - 1121.0*x^2 - 1695.0*x - 10320.0*x^4 + 4213.0*x^5 + 640.4
758.7366927,-2958.56119,3895.926243,-1246.573675,-1340.091926,922.3992188,3896.0*x^2 - 2959.0*x - 1247.0*x^3 - 1340.0*x^4 + 922.4*x^5 + 758.7
712.945354,-3283.968516,7552.392154,-11651.59567,10775.97838,-4177.378595,7552.0*x^2 - 3284.0*x - 11650.0*x^3 + 10780.0*x^4 - 4177.0*x^5 + 712.9
716.3383418,-1921.640043,-1982.064935,12634.68002,-16215.45494,6910.28222,12630.0*x^3 - 1982.0*x^2 - 1922.0*x - 16220.0*x^4 + 6910.0*x^5 + 716.3
879.9155919,-4391.810905,10109.44495,-14074.30305,11441.04105,-4021.371676,10110.0*x^2 - 4392.0*x - 14070.0*x^3 + 11440.0*x^4 - 4021.0*x^5 + 879.9
736.0225666,-2759.955421,2979.427777,1065.856017,-4160.277281,2211.189216,2979.0*x^2 - 2760.0*x + 1066.0*x^3 - 4160.0*x^4 + 2211.0*x^5 + 736.0
741.4638075,-2128.534724,-1341.369866,11682.84223,-15532.49201,6721.061617,11680.0*x^3 - 1341.0*x^2 - 2129.0*x - 15530.0*x^4 + 6721.0*x^5 + 741.5
688.677294,-2901.885296,5808.728494,-8160.525594,7516.353721,-3010.181143,5809.0*x^2 - 2902.0*x - 8161.0*x^3 + 7516.0*x^4 - 3010.0*x^5 + 688.7
779.9701328,-3805.901973,9307.984318,-14940.35852,14083.22653,-5533.927681,9308.0*x^2 - 3806.0*x - 14940.0*x^3 + 14080.0*x^4 - 5534.0*x^5 + 780.0
759.7036346,-3699.484052,8966.680919,-14055.71142,12848.17232,-4902.293183,8967.0*x^2 - 3699.0*x - 14060.0*x^3 + 12850.0*x^4 - 4902.0*x^5 + 759.7
683.286472,-1977.164838,-837.6462238,9493.889664,-12891.34512,5664.07341,9494.0*x^3 - 837.6*x^2 - 1977.0*x - 12890.0*x^4 + 5664.0*x^5 + 683.3
716.6782582,-2818.82656,4224.508993,-3127.338034,1279.444685,-269.2024396,4225.0*x^2 - 2819.0*x - 3127.0*x^3 + 1279.0*x^4 - 269.2*x^5 + 716.7
646.4160479,-2565.655149,4632.288763,-5854.497333,5113.375416,-2002.311137,4632.0*x^2 - 2566.0*x - 5854.0*x^3 + 5113.0*x^4 - 2002.0*x^5 + 646.4
712.4556538,-2786.914039,4122.747086,-2948.257645,1108.319634,-201.2849753,4123.0*x^2 - 2787.0*x - 2948.0*x^3 + 1108.0*x^4 - 201.3*x^5 + 712.5
523.1073566,-1386.462406,461.6221263,1351.59765,-1097.066995,145.77484,461.6*x^2 - 1386.0*x + 1352.0*x^3 - 1097.0*x^4 + 145.8*x^5 + 523.1
578.9057281,-1759.30985,1422.243582,-2.797163359,43.13346629,-300.3233543,1422.0*x^2 - 1759.0*x - 2.797*x^3 + 43.13*x^4 - 300.3*x^5 + 578.9
637.50765,-2137.606761,1759.735876,1611.585087,-3431.93088,1610.119569,1760.0*x^2 - 2138.0*x + 1612.0*x^3 - 3432.0*x^4 + 1610.0*x^5 + 637.5
825.5694567,-4156.034525,10202.91183,-15803.73079,14202.43719,-5365.287677,10200.0*x^2 - 4156.0*x - 15800.0*x^3 + 14200.0*x^4 - 5365.0*x^5 + 825.6
815.6365005,-4201.017008,10607.46094,-16603.47634,14761.25181,-5463.586944,10610.0*x^2 - 4201.0*x - 16600.0*x^3 + 14760.0*x^4 - 5464.0*x^5 + 815.6
601.9852935,-2007.167957,2395.351006,-1841.868332,1745.540075,-921.0875464,2395.0*x^2 - 2007.0*x - 1842.0*x^3 + 1746.0*x^4 - 921.1*x^5 + 602.0
625.1756254,-2219.764917,3055.796163,-2742.782625,2272.557654,-1013.586413,3056.0*x^2 - 2220.0*x - 2743.0*x^3 + 2273.0*x^4 - 1014.0*x^5 + 625.2
713.3584544,-3076.141219,6075.154469,-7833.071922,6473.071003,-2386.666528,6075.0*x^2 - 3076.0*x - 7833.0*x^3 + 6473.0*x^4 - 2387.0*x^5 + 713.4
816.1367934,-3721.127982,7474.361687,-9067.966818,6783.984717,-2317.474386,7474.0*x^2 - 3721.0*x - 9068.0*x^3 + 6784.0*x^4 - 2317.0*x^5 + 816.1
701.4271029,-2553.919969,2569.089329,1359.984382,-4158.097232,2152.81249,2569.0*x^2 - 2554.0*x + 1360.0*x^3 - 4158.0*x^4 + 2153.0*x^5 + 701.4
631.0733104,-1500.636639,-1944.975751,9670.954806,-11109.15597,4313.775325,9671.0*x^3 - 1945.0*x^2 - 1501.0*x - 11110.0*x^4 + 4314.0*x^5 + 631.1
833.9592516,-3607.609042,5781.839351,-3484.959269,-485.8933439,1025.89152,5782.0*x^2 - 3608.0*x - 3485.0*x^3 - 485.9*x^4 + 1026.0*x^5 + 834.0
691.2113145,-2420.110397,2002.732891,2442.109366,-5131.33612,2489.243837,2003.0*x^2 - 2420.0*x + 2442.0*x^3 - 5131.0*x^4 + 2489.0*x^5 + 691.2
773.738747,-3974.549871,10379.28121,-17173.5434,16029.61276,-6138.915483,10380.0*x^2 - 3975.0*x - 17170.0*x^3 + 16030.0*x^4 - 6139.0*x^5 + 773.7
739.0453466,-3314.419586,7078.293626,-10079.13132,8977.084101,-3464.69522,7078.0*x^2 - 3314.0*x - 10080.0*x^3 + 8977.0*x^4 - 3465.0*x^5 + 739.0
741.9343118,-3335.31768,7221.415646,-10569.58884,9679.226176,-3814.057523,7221.0*x^2 - 3335.0*x - 10570.0*x^3 + 9679.0*x^4 - 3814.0*x^5 + 741.9
697.9672109,-3040.36927,6203.068564,-8310.876991,6972.661257,-2554.666441,6203.0*x^2 - 3040.0*x - 8311.0*x^3 + 6973.0*x^4 - 2555.0*x^5 + 698.0
710.3135465,-2838.813309,4350.783339,-3133.524751,906.2483845,29.68509124,4351.0*x^2 - 2839.0*x - 3134.0*x^3 + 906.2*x^4 + 29.69*x^5 + 710.3
696.3689361,-2919.80677,5338.607687,-5978.224659,4230.531676,-1371.358798,5339.0*x^2 - 2920.0*x - 5978.0*x^3 + 4231.0*x^4 - 1371.0*x^5 + 696.4
537.9855556,-1550.995707,1025.679439,537.5791628,-611.2870038,65.39011103,1026.0*x^2 - 1551.0*x + 537.6*x^3 - 611.3*x^4 + 65.39*x^5 + 538.0
764.2581095,-3534.819061,7719.83178,-10845.87294,9286.831856,-3445.179788,7720.0*x^2 - 3535.0*x - 10850.0*x^3 + 9287.0*x^4 - 3445.0*x^5 + 764.3
762.327566,-3203.870277,5621.935559,-5861.421378,4057.198013,-1399.530648,5622.0*x^2 - 3204.0*x - 5861.0*x^3 + 4057.0*x^4 - 1400.0*x^5 + 762.3
791.7896459,-3606.945927,7227.895667,-8582.932738,6100.775727,-1943.24508,7228.0*x^2 - 3607.0*x - 8583.0*x^3 + 6101.0*x^4 - 1943.0*x^5 + 791.8
527.390929,-1588.532607,1418.191027,-249.6828108,-76.97249227,-14.53170426,1418.0*x^2 - 1589.0*x - 249.7*x^3 - 76.97*x^4 - 14.53*x^5 + 527.4
696.7141323,-3209.211552,7391.60091,-11315.24766,10283.93554,-3906.147912,7392.0*x^2 - 3209.0*x - 11320.0*x^3 + 10280.0*x^4 - 3906.0*x^5 + 696.7
636.231593,-1721.370045,-1004.000577,8396.416513,-10736.44502,4527.179824,8396.0*x^3 - 1004.0*x^2 - 1721.0*x - 10740.0*x^4 + 4527.0*x^5 + 636.2
714.775026,-2271.96503,463.3705382,6451.848528,-9402.803704,4136.869725,463.4*x^2 - 2272.0*x + 6452.0*x^3 - 9403.0*x^4 + 4137.0*x^5 + 714.8
626.7515116,-1940.60813,1038.482882,2471.830761,-3568.048969,1395.163364,1038.0*x^2 - 1941.0*x + 2472.0*x^3 - 3568.0*x^4 + 1395.0*x^5 + 626.8
861.6659205,-3509.671396,4338.689454,699.4750212,-5334.984877,3045.807904,4339.0*x^2 - 3510.0*x + 699.5*x^3 - 5335.0*x^4 + 3046.0*x^5 + 861.7
671.1364374,-2974.314481,6594.885103,-9999.919406,9200.919882,-3546.68427,6595.0*x^2 - 2974.0*x - 10000.0*x^3 + 9201.0*x^4 - 3547.0*x^5 + 671.1
516.9529547,-1519.643015,1424.79656,-858.5542973,1027.267776,-593.5049268,1425.0*x^2 - 1520.0*x - 858.6*x^3 + 1027.0*x^4 - 593.5*x^5 + 517.0
816.1860685,-4224.53363,10830.54067,-17332.66078,15736.8751,-5924.528092,10830.0*x^2 - 4225.0*x - 17330.0*x^3 + 15740.0*x^4 - 5925.0*x^5 + 816.2
899.8963996,-4275.249312,8464.55276,-8854.264749,4828.142046,-1039.974037,8465.0*x^2 - 4275.0*x - 8854.0*x^3 + 4828.0*x^4 - 1040.0*x^5 + 899.9
948.5502221,-4981.61233,12011.50236,-17021.81705,13659.10509,-4672.641495,12010.0*x^2 - 4982.0*x - 17020.0*x^3 + 13660.0*x^4 - 4673.0*x^5 + 948.6
688.7561121,-2456.732233,2408.414772,1178.450292,-3529.739641,1765.246173,2408.0*x^2 - 2457.0*x + 1178.0*x^3 - 3530.0*x^4 + 1765.0*x^5 + 688.8
720.0926498,-2581.898309,2227.451736,2601.91771,-5686.258923,2801.663028,2227.0*x^2 - 2582.0*x + 2602.0*x^3 - 5686.0*x^4 + 2802.0*x^5 + 720.1
673.7192314,-2129.201886,465.1565068,6052.242326,-9054.399022,4100.095579,465.2*x^2 - 2129.0*x + 6052.0*x^3 - 9054.0*x^4 + 4100.0*x^5 + 673.7
790.1449022,-3756.971054,8385.571544,-11728.12775,9782.534735,-3522.844838,8386.0*x^2 - 3757.0*x - 11730.0*x^3 + 9783.0*x^4 - 3523.0*x^5 + 790.1
648.4205463,-2363.544322,3175.779765,-2132.377494,989.7363825,-316.8509868,3176.0*x^2 - 2364.0*x - 2132.0*x^3 + 989.7*x^4 - 316.9*x^5 + 648.4
647.9845511,-2127.83195,1772.332722,920.6507803,-1899.559517,691.3002592,1772.0*x^2 - 2128.0*x + 920.7*x^3 - 1900.0*x^4 + 691.3*x^5 + 648.0
762.5152969,-3020.553296,4143.804147,-1634.121781,-1102.92521,887.4822153,4144.0*x^2 - 3021.0*x - 1634.0*x^3 - 1103.0*x^4 + 887.5*x^5 + 762.5
621.6774769,-1864.809328,691.7460607,3176.398365,-4237.051175,1638.25814,691.7*x^2 - 1865.0*x + 3176.0*x^3 - 4237.0*x^4 + 1638.0*x^5 + 621.7
669.0624638,-2460.083075,2937.083521,-416.6952729,-1743.631086,1060.39102,2937.0*x^2 - 2460.0*x - 416.7*x^3 - 1744.0*x^4 + 1060.0*x^5 + 669.1
773.9389796,-3076.164869,4284.166158,-1949.918687,-657.8754124,650.6633185,4284.0*x^2 - 3076.0*x - 1950.0*x^3 - 657.9*x^4 + 650.7*x^5 + 773.9
804.9109036,-4061.676979,10057.38408,-15658.65507,14023.2544,-5250.585495,10060.0*x^2 - 4062.0*x - 15660.0*x^3 + 14020.0*x^4 - 5251.0*x^5 + 804.9
543.250524,-1288.893644,-686.5436247,4354.232818,-4232.347237,1316.123777,4354.0*x^3 - 686.5*x^2 - 1289.0*x - 4232.0*x^4 + 1316.0*x^5 + 543.3
538.6433729,-1400.056724,276.4989123,1716.732219,-1198.959763,49.0295715,276.5*x^2 - 1400.0*x + 1717.0*x^3 - 1199.0*x^4 + 49.03*x^5 + 538.6
903.9952364,-4662.783115,11130.13231,-15806.74927,12803.53092,-4422.668661,11130.0*x^2 - 4663.0*x - 15810.0*x^3 + 12800.0*x^4 - 4423.0*x^5 + 904.0
534.2374766,-1289.514425,-296.1811277,2921.621403,-2337.00198,451.005306,2922.0*x^3 - 296.2*x^2 - 1290.0*x - 2337.0*x^4 + 451.0*x^5 + 534.2
668.9640625,-2680.869654,4656.478922,-5199.558731,3964.589457,-1423.601148,4656.0*x^2 - 2681.0*x - 5200.0*x^3 + 3965.0*x^4 - 1424.0*x^5 + 669.0
844.9506763,-3643.192933,5831.332053,-3656.23776,-123.2268231,795.9683168,5831.0*x^2 - 3643.0*x - 3656.0*x^3 - 123.2*x^4 + 796.0*x^5 + 845.0
524.6829463,-1473.702133,868.7657738,701.902869,-733.4241321,119.8386157,868.8*x^2 - 1474.0*x + 701.9*x^3 - 733.4*x^4 + 119.8*x^5 + 524.7
763.3025693,-2545.095943,731.4281633,7285.895639,-11254.74389,5145.721888,731.4*x^2 - 2545.0*x + 7286.0*x^3 - 11250.0*x^4 + 5146.0*x^5 + 763.3
671.4834893,-2675.682071,4369.446815,-4021.816693,2255.364847,-585.6215927,4369.0*x^2 - 2676.0*x - 4022.0*x^3 + 2255.0*x^4 - 585.6*x^5 + 671.5
630.9619893,-2316.061759,3335.921644,-2844.401696,1865.514415,-674.6221076,3336.0*x^2 - 2316.0*x - 2844.0*x^3 + 1866.0*x^4 - 674.6*x^5 + 631.0
662.5411543,-2002.316195,122.8436745,6207.555061,-8658.912353,3754.677084,122.8*x^2 - 2002.0*x + 6208.0*x^3 - 8659.0*x^4 + 3755.0*x^5 + 662.5
804.4969977,-3554.113695,6493.467467,-6444.220802,3599.536248,-890.6930801,6493.0*x^2 - 3554.0*x - 6444.0*x^3 + 3600.0*x^4 - 890.7*x^5 + 804.5
844.4344518,-3556.310362,5315.227589,-2513.575016,-1234.38408,1196.979486,5315.0*x^2 - 3556.0*x - 2514.0*x^3 - 1234.0*x^4 + 1197.0*x^5 + 844.4
694.6498037,-3470.216754,9201.376971,-15823.63033,15192.34855,-5890.709114,9201.0*x^2 - 3470.0*x - 15820.0*x^3 + 15190.0*x^4 - 5891.0*x^5 + 694.6
825.3513115,-4175.211887,10327.97219,-16095.38231,14499.63294,-5477.916489,10330.0*x^2 - 4175.0*x - 16100.0*x^3 + 14500.0*x^4 - 5478.0*x^5 + 825.4
723.6354163,-2981.938372,5095.708211,-5069.342431,3254.600971,-1028.847011,5096.0*x^2 - 2982.0*x - 5069.0*x^3 + 3255.0*x^4 - 1029.0*x^5 + 723.6
769.5411351,-2828.193062,2470.783104,3084.423722,-6727.243192,3324.669637,2471.0*x^2 - 2828.0*x + 3084.0*x^3 - 6727.0*x^4 + 3325.0*x^5 + 769.5
623.7543719,-1791.539792,-182.3527211,6122.972223,-8183.738485,3492.478528,6123.0*x^3 - 182.4*x^2 - 1792.0*x - 8184.0*x^4 + 3492.0*x^5 + 623.8
551.3965323,-1755.852076,2021.367799,-1633.773517,1604.739208,-798.0217918,2021.0*x^2 - 1756.0*x - 1634.0*x^3 + 1605.0*x^4 - 798.0*x^5 + 551.4
843.497657,-3806.661895,6871.220656,-6032.055121,2243.71526,-78.18334102,6871.0*x^2 - 3807.0*x - 6032.0*x^3 + 2244.0*x^4 - 78.18*x^5 + 843.5
710.4819759,-2417.091854,1631.471742,3308.279992,-5790.888723,2618.283215,1631.0*x^2 - 2417.0*x + 3308.0*x^3 - 5791.0*x^4 + 2618.0*x^5 + 710.5
589.0670674,-1909.071177,1980.804402,-799.0045741,443.863165,-312.8527134,1981.0*x^2 - 1909.0*x - 799.0*x^3 + 443.9*x^4 - 312.9*x^5 + 589.1
602.6711241,-1995.399083,1848.991222,550.6002053,-1863.214117,891.0360914,1849.0*x^2 - 1995.0*x + 550.6*x^3 - 1863.0*x^4 + 891.0*x^5 + 602.7
755.9115759,-3739.617249,9428.941918,-15476.73936,14623.58007,-5695.608494,9429.0*x^2 - 3740.0*x - 15480.0*x^3 + 14620.0*x^4 - 5696.0*x^5 + 755.9
769.5956187,-3562.273996,7763.355523,-10864.79127,9280.706173,-3442.273732,7763.0*x^2 - 3562.0*x - 10860.0*x^3 + 9281.0*x^4 - 3442.0*x^5 + 769.6
453.1326812,-1199.611678,1032.108936,-906.8890937,1244.370243,-608.3330322,1032.0*x^2 - 1200.0*x - 906.9*x^3 + 1244.0*x^4 - 608.3*x^5 + 453.1
874.1601881,-4339.078519,9759.208221,-12955.68615,9904.206949,-3273.76078,9759.0*x^2 - 4339.0*x - 12960.0*x^3 + 9904.0*x^4 - 3274.0*x^5 + 874.2
824.1006124,-3848.444467,7762.900565,-8810.566151,5620.58336,-1539.958584,7763.0*x^2 - 3848.0*x - 8811.0*x^3 + 5621.0*x^4 - 1540.0*x^5 + 824.1
805.4643457,-3630.833463,6827.540517,-6890.269033,3713.90724,-803.9756875,6828.0*x^2 - 3631.0*x - 6890.0*x^3 + 3714.0*x^4 - 804.0*x^5 + 805.5
638.8569275,-1722.75011,-820.0995656,7413.327741,-9108.746316,3662.832269,7413.0*x^3 - 820.1*x^2 - 1723.0*x - 9109.0*x^4 + 3663.0*x^5 + 638.9
668.0872307,-1860.765677,-1171.069352,9951.148698,-13193.82514,5741.0448,9951.0*x^3 - 1171.0*x^2 - 1861.0*x - 13190.0*x^4 + 5741.0*x^5 + 668.1
639.2652583,-1513.585732,-2142.844015,10453.3121,-12152.5653,4789.250178,10450.0*x^3 - 2143.0*x^2 - 1514.0*x - 12150.0*x^4 + 4789.0*x^5 + 639.3
821.4936108,-3204.738335,3499.529882,1732.040503,-5862.609873,3108.564041,3500.0*x^2 - 3205.0*x + 1732.0*x^3 - 5863.0*x^4 + 3109.0*x^5 + 821.5
533.7925591,-1553.156444,1271.114242,-398.9889867,669.1723438,-533.8231523,1271.0*x^2 - 1553.0*x - 399.0*x^3 + 669.2*x^4 - 533.8*x^5 + 533.8
832.8660473,-4256.219272,10436.86739,-15685.4701,13462.87787,-4858.698906,10440.0*x^2 - 4256.0*x - 15690.0*x^3 + 13460.0*x^4 - 4859.0*x^5 + 832.9
903.589944,-4705.812212,11656.21259,-17653.98577,15359.44807,-5654.85411,11660.0*x^2 - 4706.0*x - 17650.0*x^3 + 15360.0*x^4 - 5655.0*x^5 + 903.6
537.306031,-1803.030506,2510.363975,-2568.873272,2168.882704,-838.3329891,2510.0*x^2 - 1803.0*x - 2569.0*x^3 + 2169.0*x^4 - 838.3*x^5 + 537.3
728.2844153,-3494.652722,8556.320316,-13869.5995,13101.64245,-5113.100259,8556.0*x^2 - 3495.0*x - 13870.0*x^3 + 13100.0*x^4 - 5113.0*x^5 + 728.3
493.1328072,-1445.127976,1477.038868,-1133.998375,1161.975407,-542.2610454,1477.0*x^2 - 1445.0*x - 1134.0*x^3 + 1162.0*x^4 - 542.3*x^5 + 493.1
650.6212162,-2117.322219,1295.540619,2923.690647,-4860.895373,2163.462723,1296.0*x^2 - 2117.0*x + 2924.0*x^3 - 4861.0*x^4 + 2163.0*x^5 + 650.6
558.5844193,-1733.168016,1610.559664,-367.0152566,82.38171532,-148.7740271,1611.0*x^2 - 1733.0*x - 367.0*x^3 + 82.38*x^4 - 148.8*x^5 + 558.6
770.1827009,-3883.415688,9790.25892,-15609.50928,14182.01179,-5333.309819,9790.0*x^2 - 3883.0*x - 15610.0*x^3 + 14180.0*x^4 - 5333.0*x^5 + 770.2
739.9705954,-2549.54713,1440.226521,4988.534186,-8485.577687,3970.596109,1440.0*x^2 - 2550.0*x + 4989.0*x^3 - 8486.0*x^4 + 3971.0*x^5 + 740.0
695.4179526,-2687.492286,4150.987725,-3872.24208,2763.191189,-1073.737416,4151.0*x^2 - 2687.0*x - 3872.0*x^3 + 2763.0*x^4 - 1074.0*x^5 + 695.4
529.3381983,-1556.508934,1120.521349,574.4587946,-1025.438912,380.9259788,1121.0*x^2 - 1557.0*x + 574.5*x^3 - 1025.0*x^4 + 380.9*x^5 + 529.3
719.4673233,-2653.377122,3151.983571,-697.1070889,-1097.746863,587.4145802,3152.0*x^2 - 2653.0*x - 697.1*x^3 - 1098.0*x^4 + 587.4*x^5 + 719.5
546.9257491,-1757.366206,1968.097295,-1151.119133,685.3036417,-280.5256437,1968.0*x^2 - 1757.0*x - 1151.0*x^3 + 685.3*x^4 - 280.5*x^5 + 546.9
745.0106789,-2201.067234,-1050.497971,11269.0619,-15354.82819,6744.343009,11270.0*x^3 - 1050.0*x^2 - 2201.0*x - 15350.0*x^4 + 6744.0*x^5 + 745.0
883.4253252,-4446.133099,10191.3968,-13769.1389,10637.95105,-3531.031787,10190.0*x^2 - 4446.0*x - 13770.0*x^3 + 10640.0*x^4 - 3531.0*x^5 + 883.4
750.5834073,-3280.769703,6448.982175,-8102.890033,6548.296357,-2403.564398,6449.0*x^2 - 3281.0*x - 8103.0*x^3 + 6548.0*x^4 - 2404.0*x^5 + 750.6
891.0148722,-4365.402215,9490.145945,-11993.80899,8751.384654,-2796.987206,9490.0*x^2 - 4365.0*x - 11990.0*x^3 + 8751.0*x^4 - 2797.0*x^5 + 891.0
709.1601941,-2123.071872,-559.5007405,9286.655675,-12849.27666,5669.162006,9287.0*x^3 - 559.5*x^2 - 2123.0*x - 12850.0*x^4 + 5669.0*x^5 + 709.2
521.0422402,-1430.024821,946.94631,-178.2425359,846.5296018,-729.5465435,946.9*x^2 - 1430.0*x - 178.2*x^3 + 846.5*x^4 - 729.5*x^5 + 521.0
517.4550575,-1449.01098,1035.678343,-134.533198,491.9735669,-469.9268954,1036.0*x^2 - 1449.0*x - 134.5*x^3 + 492.0*x^4 - 469.9*x^5 + 517.5
860.6979062,-4420.009138,11061.94777,-17369.16894,15748.78719,-5993.72026,11060.0*x^2 - 4420.0*x - 17370.0*x^3 + 15750.0*x^4 - 5994.0*x^5 + 860.7
633.9750554,-2412.452076,3838.053056,-3879.778212,2817.967063,-1002.06719,3838.0*x^2 - 2412.0*x - 3880.0*x^3 + 2818.0*x^4 - 1002.0*x^5 + 634.0
608.340234,-1796.267562,413.3044336,4045.651015,-5517.674737,2299.47088,413.3*x^2 - 1796.0*x + 4046.0*x^3 - 5518.0*x^4 + 2299.0*x^5 + 608.3
533.9221751,-1445.81327,427.2784704,1934.289831,-2081.534739,645.5818992,427.3*x^2 - 1446.0*x + 1934.0*x^3 - 2082.0*x^4 + 645.6*x^5 + 533.9
783.8144971,-3293.280644,5503.269141,-4850.155973,2489.066242,-633.7819868,5503.0*x^2 - 3293.0*x - 4850.0*x^3 + 2489.0*x^4 - 633.8*x^5 + 783.8
687.7637711,-2617.092866,3463.512592,-1329.421342,-923.7367493,759.4851496,3464.0*x^2 - 2617.0*x - 1329.0*x^3 - 923.7*x^4 + 759.5*x^5 + 687.8
467.0015325,-1161.098985,506.0555098,299.9149362,235.2005165,-341.706655,506.1*x^2 - 1161.0*x + 299.9*x^3 + 235.2*x^4 - 341.7*x^5 + 467.0
717.649805,-2746.004983,3753.510039,-2050.870226,212.6733473,121.5239391,3754.0*x^2 - 2746.0*x - 2051.0*x^3 + 212.7*x^4 + 121.5*x^5 + 717.6
715.0417302,-2917.276608,5101.561007,-5722.941223,4501.014151,-1710.169687,5102.0*x^2 - 2917.0*x - 5723.0*x^3 + 4501.0*x^4 - 1710.0*x^5 + 715.0
860.4208045,-4357.103534,10393.29059,-15119.79378,12701.19258,-4542.984108,10390.0*x^2 - 4357.0*x - 15120.0*x^3 + 12700.0*x^4 - 4543.0*x^5 + 860.4
901.6709373,-4599.259477,10947.53561,-15824.38269,13269.15907,-4769.812982,10950.0*x^2 - 4599.0*x - 15820.0*x^3 + 13270.0*x^4 - 4770.0*x^5 + 901.7
693.2972519,-2165.631537,143.9510628,7286.420001,-10605.23952,4767.390915,144.0*x^2 - 2166.0*x + 7286.0*x^3 - 10610.0*x^4 + 4767.0*x^5 + 693.3
548.2847021,-1532.186231,630.507078,1645.526537,-1804.379216,520.1619271,630.5*x^2 - 1532.0*x + 1646.0*x^3 - 1804.0*x^4 + 520.2*x^5 + 548.3
514.7092689,-1367.652187,564.6833869,963.4969643,-655.0462701,-21.90897375,564.7*x^2 - 1368.0*x + 963.5*x^3 - 655.0*x^4 - 21.91*x^5 + 514.7
878.1414562,-4219.197453,8749.339278,-10144.91833,6575.950137,-1835.833788,8749.0*x^2 - 4219.0*x - 10140.0*x^3 + 6576.0*x^4 - 1836.0*x^5 + 878.1
640.1418737,-2241.251385,2810.503978,-1918.446569,1346.418231,-658.067754,2811.0*x^2 - 2241.0*x - 1918.0*x^3 + 1346.0*x^4 - 658.1*x^5 + 640.1
563.8155966,-1658.739649,1393.210111,-736.5265977,1449.622758,-1056.073902,1393.0*x^2 - 1659.0*x - 736.5*x^3 + 1450.0*x^4 - 1056.0*x^5 + 563.8
892.6270656,-4689.91726,11663.23733,-17447.96494,14786.19688,-5277.929921,11660.0*x^2 - 4690.0*x - 17450.0*x^3 + 14790.0*x^4 - 5278.0*x^5 + 892.6
573.6723196,-1614.232117,561.984203,2077.55014,-2216.009945,615.7541872,562.0*x^2 - 1614.0*x + 2078.0*x^3 - 2216.0*x^4 + 615.8*x^5 + 573.7
813.6528037,-4124.416438,10219.51044,-15846.88469,14116.04215,-5262.563676,10220.0*x^2 - 4124.0*x - 15850.0*x^3 + 14120.0*x^4 - 5263.0*x^5 + 813.7
521.0733524,-1212.148848,-205.7632463,1894.443776,-594.303619,-449.1782077,1894.0*x^3 - 205.8*x^2 - 1212.0*x - 594.3*x^4 - 449.2*x^5 + 521.1
678.5595558,-1971.657596,-442.5410565,7716.272337,-10212.6079,4319.782718,7716.0*x^3 - 442.5*x^2 - 1972.0*x - 10210.0*x^4 + 4320.0*x^5 + 678.6
635.7365826,-1910.0054,660.6980221,3391.581925,-4438.137307,1681.092234,660.7*x^2 - 1910.0*x + 3392.0*x^3 - 4438.0*x^4 + 1681.0*x^5 + 635.7
863.5281088,-4109.344193,8515.093185,-10094.1622,6886.749475,-2070.489773,8515.0*x^2 - 4109.0*x - 10090.0*x^3 + 6887.0*x^4 - 2070.0*x^5 + 863.5
679.4461569,-2202.115671,1092.495863,3922.509496,-6098.955033,2666.107624,1092.0*x^2 - 2202.0*x + 3923.0*x^3 - 6099.0*x^4 + 2666.0*x^5 + 679.4
601.6905699,-2066.071282,2638.03498,-2067.931819,1613.788686,-731.6405257,2638.0*x^2 - 2066.0*x - 2068.0*x^3 + 1614.0*x^4 - 731.6*x^5 + 601.7
733.9378499,-2206.160011,-681.5998534,10068.93669,-13892.36676,6116.618305,10070.0*x^3 - 681.6*x^2 - 2206.0*x - 13890.0*x^4 + 6117.0*x^5 + 733.9
826.994575,-4190.878957,10256.93038,-15581.19262,13621.81865,-5011.042493,10260.0*x^2 - 4191.0*x - 15580.0*x^3 + 13620.0*x^4 - 5011.0*x^5 + 827.0
586.7384777,-1822.611823,1376.562739,842.6195075,-1502.039684,531.6246414,1377.0*x^2 - 1823.0*x + 842.6*x^3 - 1502.0*x^4 + 531.6*x^5 + 586.7
807.7360756,-4100.919168,10478.82158,-17196.97443,16221.33779,-6332.570774,10480.0*x^2 - 4101.0*x - 17200.0*x^3 + 16220.0*x^4 - 6333.0*x^5 + 807.7
749.3001431,-2555.975226,1161.724532,6013.214523,-9827.659885,4579.119555,1162.0*x^2 - 2556.0*x + 6013.0*x^3 - 9828.0*x^4 + 4579.0*x^5 + 749.3
769.4330694,-3883.964148,10062.46797,-16871.00724,16124.35654,-6320.058319,10060.0*x^2 - 3884.0*x - 16870.0*x^3 + 16120.0*x^4 - 6320.0*x^5 + 769.4
538.0220017,-1333.351707,-245.7406625,3191.476671,-2975.286427,825.0023731,3191.0*x^3 - 245.7*x^2 - 1333.0*x - 2975.0*x^4 + 825.0*x^5 + 538.0
650.5965138,-1928.941419,123.7412817,5590.759326,-7514.473481,3142.166153,123.7*x^2 - 1929.0*x + 5591.0*x^3 - 7514.0*x^4 + 3142.0*x^5 + 650.6
702.5939472,-3229.739234,7420.532728,-11398.57549,10453.43981,-4012.443015,7421.0*x^2 - 3230.0*x - 11400.0*x^3 + 10450.0*x^4 - 4012.0*x^5 + 702.6
612.6036584,-1752.49822,147.0980846,4439.418356,-5626.683559,2219.734378,147.1*x^2 - 1752.0*x + 4439.0*x^3 - 5627.0*x^4 + 2220.0*x^5 + 612.6
852.0974404,-4115.701849,9089.367295,-12256.64869,9854.685717,-3475.178794,9089.0*x^2 - 4116.0*x - 12260.0*x^3 + 9855.0*x^4 - 3475.0*x^5 + 852.1
648.4924155,-2921.664417,6804.441716,-10791.49136,10063.35445,-3856.739156,6804.0*x^2 - 2922.0*x - 10790.0*x^3 + 10060.0*x^4 - 3857.0*x^5 + 648.5
635.8008713,-2138.725328,1833.162021,1355.011072,-3099.814351,1460.207566,1833.0*x^2 - 2139.0*x + 1355.0*x^3 - 3100.0*x^4 + 1460.0*x^5 + 635.8
774.45671,-3321.576128,5752.600381,-5184.168579,2458.643018,-461.9658888,5753.0*x^2 - 3322.0*x - 5184.0*x^3 + 2459.0*x^4 - 462.0*x^5 + 774.5
732.784406,-2480.551137,1143.145903,5656.397015,-9226.179558,4286.975146,1143.0*x^2 - 2481.0*x + 5656.0*x^3 - 9226.0*x^4 + 4287.0*x^5 + 732.8
756.1726708,-3283.300613,6301.975391,-7608.130764,5945.420466,-2146.544591,6302.0*x^2 - 3283.0*x - 7608.0*x^3 + 5945.0*x^4 - 2147.0*x^5 + 756.2
564.9373474,-1495.25685,-23.79799233,3416.910009,-3657.479652,1205.682644,3417.0*x^3 - 23.8*x^2 - 1495.0*x - 3657.0*x^4 + 1206.0*x^5 + 564.9
714.8402535,-2125.242644,-750.180378,9984.138051,-13767.24548,6087.766315,9984.0*x^3 - 750.2*x^2 - 2125.0*x - 13770.0*x^4 + 6088.0*x^5 + 714.8
880.0938612,-4563.001803,11266.42719,-16971.72053,14632.16334,-5326.699298,11270.0*x^2 - 4563.0*x - 16970.0*x^3 + 14630.0*x^4 - 5327.0*x^5 + 880.1
